Autauga, AL,18110,5908,643
Baldwin, AL,72780,18409,2901
Barbour, AL,5431,4848,111
Bibb, AL,6733,1874,141
Blount, AL,22808,2150,426
Bullock, AL,1139,3530,32
Butler, AL,4891,3716,78
Calhoun, AL,32803,13197,1376
Chambers, AL,7803,5763,212
Cherokee, AL,8809,1524,170
Chilton, AL,15068,2909,278
Choctaw, AL,4102,3109,57
Clarke, AL,7109,5712,115
Clay, AL,5230,1234,108
Cleburne, AL,5738,684,110
Coffee, AL,15825,4194,494
Colbert, AL,16718,7296,612
Conecuh, AL,3413,3069,61
Coosa, AL,3376,1780,67
Covington, AL,13222,2379,217
Crenshaw, AL,4511,1663,78
Cullman, AL,32734,3730,814
Dale, AL,13798,4408,411
Dallas, AL,5784,12826,120
DeKalb, AL,21779,3682,625
Elmore, AL,27619,8436,850
Escambia, AL,10282,4698,233
Etowah, AL,32132,10350,992
Fayette, AL,6705,1358,133
Franklin, AL,9466,2197,292
Geneva, AL,9967,1522,170
Greene, AL,838,4006,18
Hale, AL,3172,4772,66
Henry, AL,5623,2286,108
Houston, AL,30567,10547,916
Jackson, AL,16643,3663,479
Jefferson, AL,130614,151581,7916
Lamar, AL,5819,1035,77
Lauderdale, AL,27735,9877,1201
Lawrence, AL,10732,3611,280
Lee, AL,34321,20987,2360
Limestone, AL,28824,9340,1236
Lowndes, AL,1751,4882,43
Macon, AL,1394,7237,117
Madison, AL,89199,62435,7839
Marengo, AL,5224,5607,117
Marion, AL,11273,1432,207
Marshall, AL,29217,4913,835
Mobile, AL,91087,68429,3871
Mobile, AL,91087,68429,3871
Monroe, AL,5771,4310,104
Montgomery, AL,33928,58669,1975
Morgan, AL,37392,11216,1383
Perry, AL,1403,3823,29
Pickens, AL,5454,3972,68
Pike, AL,7681,5039,305
Randolph, AL,7697,2290,143
Russell, AL,9210,9577,349
Shelby, AL,72846,22927,3435
St. Clair, AL,31579,5550,808
Sumter, AL,1581,4739,71
Talladega, AL,20596,12108,514
Tallapoosa, AL,12967,5271,266
Tuscaloosa, AL,47701,31746,2261
Walker, AL,24208,4486,549
Washington, AL,6031,2366,95
Wilcox, AL,1737,4329,29
Winston, AL,9225,871,159
Arkansas, AR,3825,1939,403
Ashley, AR,5338,2408,281
Baxter, AR,14655,4163,754
Benton, AR,60751,27894,5617
Boone, AR,12225,2925,762
Bradley, AR,2163,1317,137
Calhoun, AR,1554,636,60
Carroll, AR,6773,3334,549
Chicot, AR,1716,2350,83
Clark, AR,4398,3606,361
Clay, AR,3779,1999,200
Cleburne, AR,9454,2101,413
Cleveland, AR,2460,723,116
Columbia, AR,5456,3140,241
Conway, AR,4844,2655,338
Craighead, AR,22798,10474,1696
Crawford, AR,16655,4476,1024
Crittenden, AR,6953,8368,477
Cross, AR,4577,1995,259
Dallas, AR,1507,1165,69
Desha, AR,1915,2227,84
Drew, AR,3967,2364,221
Faulkner, AR,29170,14525,2669
Franklin, AR,5034,1376,288
Fulton, AR,3470,1067,207
Garland, AR,26053,12283,2001
Grant, AR,5160,1407,288
Greene, AR,10698,3056,668
Hempstead, AR,4391,2371,222
Hot Spring, AR,8153,3137,525
Howard, AR,3155,1350,129
Independence, AR,9925,2878,640
Izard, AR,4042,1111,243
Jackson, AR,3262,1583,248
Jefferson, AR,9231,15721,731
Johnson, AR,6072,2421,504
Lafayette, AR,1750,1028,57
Lawrence, AR,4064,1263,302
Lee, AR,1229,1735,40
Lincoln, AR,2455,1252,107
Little River, AR,3604,1397,191
Logan, AR,5737,1712,390
Lonoke, AR,19902,5638,1226
Madison, AR,4917,1587,278
Marion, AR,5077,1377,264
Miller, AR,11293,4273,449
Mississippi, AR,6988,5621,386
Monroe, AR,1400,1298,68
Montgomery, AR,2573,735,137
Nevada, AR,2001,1156,76
Newton, AR,2875,699,157
Ouachita, AR,5347,4320,214
Perry, AR,2979,1035,199
Phillips, AR,2443,4292,159
Pike, AR,3150,684,122
Poinsett, AR,3149,1878,256
Polk, AR,6606,1210,305
Pope, AR,15694,4818,1033
Prairie, AR,2503,812,89
Pulaski, AR,61182,89377,7169
Randolph, AR,4508,1425,380
Saline, AR,35852,13247,2872
Scott, AR,2378,507,132
Searcy, AR,2955,601,142
Sebastian, AR,28769,12184,2604
Sevier, AR,3281,1075,161
Sharp, AR,5405,1472,313
St. Francis, AR,3195,4031,186
Stone, AR,4081,1189,257
Union, AR,10201,5667,470
Van Buren, AR,5382,1547,182
Washington, AR,40418,32296,5439
White, AR,21038,5157,1256
Woodruff, AR,1344,1117,89
Yell, AR,4600,1472,317
Apache, AZ,5315,12196,1148
Cochise, AZ,25036,15291,2820
Coconino, AZ,16573,25308,3048
Gila, AZ,13672,6746,980
Graham, AZ,8025,3301,613
Greenlee, AZ,1892,1092,259
La Paz, AZ,3381,1318,232
Maricopa, AZ,590465,549040,62429
Mohave, AZ,54656,16485,3048
Navajo, AZ,18165,15362,1882
Pima, AZ,147019,195649,18094
Pinal, AZ,53857,35737,4211
Santa Cruz, AZ,3650,10684,592
Yavapai, AZ,58862,29705,4213
Yuma, AZ,20586,18336,1837
Alameda, CA,91189,486351,35655
Alpine, CA,211,318,46
Amador, CA,10239,5904,1043
Butte, CA,42193,38676,6978
Calaveras, CA,13072,7738,1524
Colusa, CA,3551,2659,384
Contra Costa, CA,105819,286658,23495
Del Norte, CA,5134,3485,742
El Dorado, CA,47633,35243,6352
Fresno, CA,113949,123660,12655
Glenn, CA,5788,3065,526
Humboldt, CA,10883,19596,3157
Imperial, CA,11295,28467,1989
Inyo, CA,4248,3155,593
Kern, CA,119164,86481,12080
Kings, CA,17446,12902,1902
Lake, CA,5752,6240,1053
Lassen, CA,7574,2224,624
Los Angeles, CA,620285,1893770,138017
Los Angeles, CA,620285,1893770,138017
Los Angeles, CA,620285,1893770,138017
Madera, CA,19221,13283,1759
Marin, CA,17531,86650,5760
Mariposa, CA,5185,3122,570
Mendocino, CA,3571,6905,959
Merced, CA,18486,21856,2181
Modoc, CA,2413,798,148
Mono, CA,2080,2696,378
Monterey, CA,26378,64733,5565
Napa, CA,11946,26161,2286
Nevada, CA,14686,16199,2373
Orange, CA,472669,556544,62903
Placer, CA,78977,61969,9586
Plumas, CA,5079,3224,527
Riverside, CA,309514,339145,34953
Sacramento, CA,163024,273768,30734
San Benito, CA,6471,10050,1051
San Bernardino, CA,253962,312517,32304
San Diego, CA,386807,567243,57601
San Francisco, CA,34493,312443,18359
San Joaquin, CA,68316,89791,8540
San Luis Obispo, CA,52672,63001,8902
San Mateo, CA,53731,219580,14188
Santa Barbara, CA,53740,100120,10364
Santa Barbara, CA,53740,100120,10364
Santa Barbara, CA,53740,100120,10364
Santa Barbara, CA,53740,100120,10364
Santa Clara, CA,137452,483472,38224
Santa Cruz, CA,20158,85185,8166
Shasta, CA,47587,20471,4496
Sierra, CA,1048,601,155
Siskiyou, CA,11212,7106,1518
Solano, CA,49595,97159,9313
Sonoma, CA,37421,116027,10612
Stanislaus, CA,72960,73939,9242
Sutter, CA,16780,11831,1818
Tehama, CA,14981,6571,1323
Trinity, CA,2409,1876,431
Tulare, CA,50488,39099,4984
Tuolumne, CA,13486,8580,1406
Ventura, CA,118764,170489,18628
Ventura, CA,118764,170489,18628
Ventura, CA,118764,170489,18628
Yolo, CA,13178,34460,2985
Yuba, CA,12313,7234,1511
Adams, CO,73807,86471,14847
Alamosa, CO,3031,3168,698
Arapahoe, CO,109638,148365,23655
Archuleta, CO,4234,2489,567
Baca, CO,1716,278,113
Bent, CO,1166,581,145
Boulder, CO,38766,124715,13254
Broomfield, CO,14272,19530,3540
Chaffee, CO,5283,4773,943
Cheyenne, CO,905,127,44
Clear Creek, CO,2426,2585,521
Conejos, CO,1885,1753,332
Costilla, CO,581,1109,130
Crowley, CO,1069,336,106
Custer, CO,2059,797,208
Delta, CO,11584,4048,1029
Denver, CO,43637,174611,14043
Denver, CO,43637,174611,14043
Dolores, CO,936,227,67
Douglas, CO,100178,67045,15695
Eagle, CO,8153,12652,1806
Elbert, CO,11536,3056,1097
El Paso, CO,176506,105807,30960
Fremont, CO,15066,5275,1539
Garfield, CO,13071,11205,2052
Gilpin, CO,1564,1634,376
Grand, CO,4467,3319,727
Gunnison, CO,3250,5068,981
Hinsdale, CO,339,197,53
Huerfano, CO,1875,1631,266
Jackson, CO,628,171,63
Jefferson, CO,130233,151885,27411
Kiowa, CO,726,91,36
Kit Carson, CO,2894,526,193
Lake, CO,1264,1600,311
La Plata, CO,12471,15300,2951
Larimer, CO,82624,92170,19103
Las Animas, CO,3656,2614,423
Lincoln, CO,1873,399,130
Logan, CO,7272,1843,587
Mesa, CO,48129,20958,5789
Mineral, CO,344,237,71
Moffat, CO,5293,874,343
Montezuma, CO,7771,3920,1015
Montrose, CO,14303,5438,1329
Morgan, CO,8104,3128,656
Otero, CO,2988,1719,331
Ouray, CO,1337,1690,260
Park, CO,6053,3351,841
Phillips, CO,1791,436,105
Pitkin, CO,2522,7239,626
Prowers, CO,3508,1173,297
Pueblo, CO,27746,27945,4421
Rio Blanco, CO,2782,433,221
Rio Grande, CO,3060,1985,443
Routt, CO,5149,7487,1136
Saguache, CO,1109,1345,253
San Juan, CO,215,265,26
San Miguel, CO,1030,2960,321
Sedgwick, CO,1015,267,82
Summit, CO,5064,9502,1495
Teller, CO,9580,3547,1076
Washington, CO,2284,289,135
Weld, CO,75882,45869,12039
Yuma, CO,3755,701,208
Fairfield, CT,155457,238723,16099
Hartford, CT,147912,233789,17518
Litchfield, CT,53376,39836,4222
Middlesex, CT,38847,45306,4249
New Haven, CT,158373,203601,13935
New London, CT,54574,62951,7002
Tolland, CT,33989,38450,4630
Windham, CT,25738,21776,3189
District of Columbia, DC,11553,260223,8496
Kent, DE,36989,33347,3917
New Castle, DE,85507,162905,13056
Sussex, DE,62607,39329,3878
Alachua, FL,46584,75370,5873
Baker, FL,10294,2112,228
Bay, FL,62010,21689,3452
Bradford, FL,8913,2924,261
Brevard, FL,181620,119525,13192
Broward, FL,258521,546956,17360
Calhoun, FL,4647,1236,184
Charlotte, FL,60196,33421,2706
Citrus, FL,54377,22765,2448
Clay, FL,74898,27768,3697
Collier, FL,105297,60941,4267
Columbia, FL,20359,7599,738
Miami-Dade, FL,333666,623006,21998
Miami-Dade, FL,333666,623006,21998
DeSoto, FL,6744,3761,256
Dixie, FL,5822,1270,110
Duval, FL,210061,203627,15046
Escambia, FL,88370,57114,6125
Flagler, FL,33804,21985,1624
Franklin, FL,4119,1738,146
Franklin, FL,4119,1738,146
Gadsden, FL,6721,14994,364
Gilchrist, FL,6740,1457,221
Glades, FL,2996,1271,88
Gulf, FL,5320,1715,244
Hamilton, FL,3439,1899,113
Hardee, FL,5238,2147,192
Hendry, FL,6192,4610,304
Hernando, FL,59029,31818,3031
Highlands, FL,29509,14901,1179
Hillsborough, FL,265928,306422,22722
Holmes, FL,7476,852,178
Indian River, FL,48564,28997,2336
Jackson, FL,14231,6383,383
Jefferson, FL,3930,3537,174
Lafayette, FL,2795,515,65
Lake, FL,101888,62597,5413
Lee, FL,191141,124725,9931
Lee, FL,191141,124725,9931
Lee, FL,191141,124725,9931
Leon, FL,53777,91936,6212
Levy, FL,13758,5091,518
Liberty, FL,2542,651,102
Madison, FL,4849,3526,128
Manatee, FL,101681,71066,5774
Marion, FL,107710,61958,4817
Martin, FL,53182,30158,2401
Monroe, FL,21885,18949,1600
Monroe, FL,21885,18949,1600
Monroe, FL,21885,18949,1600
Monroe, FL,21885,18949,1600
Nassau, FL,34221,10849,1467
Okaloosa, FL,71788,23711,5158
Okeechobee, FL,9342,3953,337
Orange, FL,195091,329579,21130
Osceola, FL,50252,85287,4442
Palm Beach, FL,270762,371411,15062
Pasco, FL,141943,89998,8873
Pinellas, FL,238746,233327,19447
Pinellas, FL,238746,233327,19447
Polk, FL,157216,117182,9430
Putnam, FL,21873,9920,859
Santa Rosa, FL,65126,18398,3908
Sarasota, FL,124098,97676,6735
Seminole, FL,109265,105611,9501
St. Johns, FL,88633,43037,4722
St. Lucie, FL,70248,66812,3671
Sumter, FL,52722,22631,1296
Suwannee, FL,14281,3955,439
Taylor, FL,6923,2149,207
Union, FL,4567,1014,112
Volusia, FL,142763,108793,8748
Wakulla, FL,10507,4348,489
Walton, FL,25695,6861,1003
Washington, FL,8630,2261,253
Appling, GA,5492,1434,77
Atkinson, GA,1873,696,35
Bacon, GA,3356,607,47
Baker, GA,775,650,15
Baldwin, GA,7691,7965,419
Banks, GA,6130,684,132
Barrow, GA,21105,6580,1143
Bartow, GA,29879,8204,1180
Ben Hill, GA,3734,2098,91
Berrien, GA,5408,1041,114
Bibb, GA,22589,34383,1355
Bleckley, GA,3717,1094,123
Brantley, GA,5561,619,105
Brooks, GA,3679,2504,85
Brooks, GA,3679,2504,85
Bryan, GA,10513,4010,540
Bulloch, GA,14476,8812,863
Burke, GA,4491,4730,129
Butts, GA,6717,2566,194
Calhoun, GA,829,1178,16
Camden, GA,12287,5914,624
Candler, GA,2661,1023,73
Carroll, GA,29983,12422,1339
Catoosa, GA,20860,4769,881
Charlton, GA,2950,1004,54
Chatham, GA,43649,58998,3366
Chattahoochee, GA,746,593,45
Chattooga, GA,6457,1612,177
Cherokee, GA,80611,25203,5011
Clarke, GA,12691,29514,2016
Clay, GA,566,697,8
Clayton, GA,11740,75908,1588
Clinch, GA,1724,685,34
Cobb, GA,152602,159416,14406
Coffee, GA,9575,4090,231
Colquitt, GA,9892,3460,240
Columbia, GA,43060,18863,2267
Cook, GA,4175,1752,111
Coweta, GA,42513,16572,2230
Crawford, GA,3632,1419,106
Crisp, GA,4539,2835,126
Dade, GA,5047,965,226
Dawson, GA,9880,1444,356
Decatur, GA,6009,4104,125
DeKalb, GA,47531,239131,9209
Dodge, GA,5021,1836,138
Dooly, GA,1941,1860,35
Dougherty, GA,10227,23224,474
Douglas, GA,24803,30971,1591
Early, GA,2552,2165,65
Echols, GA,1006,156,13
Effingham, GA,17865,4851,679
Elbert, GA,5269,2507,136
Emanuel, GA,5330,2433,75
Evans, GA,2404,1130,68
Fannin, GA,9622,1920,222
Fayette, GA,35034,23255,2098
Floyd, GA,24045,9127,1078
Forsyth, GA,69801,23427,4086
Franklin, GA,7054,1243,177
Fulton, GA,110372,281875,14926
Gilmer, GA,10465,1955,293
Glascock, GA,1235,138,17
Glynn, GA,21482,11738,821
Gordon, GA,15171,3176,503
Grady, GA,6047,3005,135
Greene, GA,5488,3194,149
Gwinnett, GA,146463,165063,12405
Habersham, GA,13184,2483,461
Hall, GA,51681,16153,2299
Hancock, GA,841,2695,36
Haralson, GA,9579,1474,264
Harris, GA,11931,4082,379
Hart, GA,7285,2583,209
Heard, GA,3370,743,93
Henry, GA,45641,49902,2494
Houston, GA,35351,22460,1748
Irwin, GA,2711,890,58
Jackson, GA,21754,4469,834
Jasper, GA,4353,1544,119
Jeff Davis, GA,4102,901,86
Jefferson, GA,3057,3809,68
Jenkins, GA,1892,1108,34
Johnson, GA,2519,1136,27
Jones, GA,8304,3960,260
Lamar, GA,5183,2267,125
Lanier, GA,1984,805,72
Laurens, GA,12401,6737,310
Lee, GA,10641,3166,299
Liberty, GA,6125,9531,426
Lincoln, GA,2759,1271,70
Long, GA,2623,1356,130
Lowndes, GA,21308,14614,891
Lumpkin, GA,9613,2216,495
Macon, GA,1540,2705,42
Macon, GA,1540,2705,42
Madison, GA,9195,2423,327
Marion, GA,1921,1213,49
McDuffie, GA,5432,3699,137
McIntosh, GA,3482,2298,113
Meriwether, GA,5216,3800,165
Miller, GA,1888,622,30
Mitchell, GA,4272,3492,93
Monroe, GA,8821,3570,284
Montgomery, GA,2668,847,45
Morgan, GA,6559,2658,218
Murray, GA,10340,1799,283
Muscogee, GA,26901,39602,1817
Newton, GA,20907,21936,944
Oconee, GA,12885,5253,892
Oglethorpe, GA,4622,1829,199
Paulding, GA,44646,18004,1951
Peach, GA,5405,5083,211
Pickens, GA,11651,1977,354
Pierce, GA,6301,903,93
Pike, GA,7273,1239,163
Polk, GA,11006,2863,289
Pulaski, GA,2436,1104,58
Putnam, GA,6516,2745,170
Quitman, GA,575,461,8
Rabun, GA,6287,1443,219
Randolph, GA,1270,1597,28
Richmond, GA,24441,48707,1804
Rockdale, GA,13463,23206,920
Schley, GA,1472,401,36
Screven, GA,3305,2300,94
Seminole, GA,2343,1186,48
Spalding, GA,15636,9347,957
Stephens, GA,7682,1835,243
Stewart, GA,805,1220,28
Sumter, GA,5275,5520,178
Talbot, GA,1196,2001,46
Taliaferro, GA,349,545,3
Tattnall, GA,5092,1678,109
Taylor, GA,2062,1295,45
Taylor, GA,2062,1295,45
Telfair, GA,2449,1313,32
Terrell, GA,1872,2267,40
Thomas, GA,11225,7138,367
Tift, GA,8680,3892,224
Toombs, GA,6612,2338,158
Towns, GA,5377,1206,143
Treutlen, GA,1808,860,32
Troup, GA,15643,9597,553
Turner, GA,2094,1243,53
Twiggs, GA,2034,1970,49
Union, GA,9849,1962,228
Upson, GA,7288,3471,165
Walker, GA,18938,4213,788
Walton, GA,31093,8279,1053
Ware, GA,8508,3436,206
Warren, GA,991,1313,28
Washington, GA,4138,4187,97
Wayne, GA,8147,2039,190
Webster, GA,630,471,13
Wheeler, GA,1421,646,35
White, GA,9751,1672,348
Whitfield, GA,21514,7925,923
Wilcox, GA,2096,852,25
Wilkes, GA,2569,1844,57
Wilkinson, GA,2332,1893,51
Worth, GA,6144,2015,107
Adair, IA,2456,1127,176
Adams, IA,1393,565,124
Allamakee, IA,4072,2409,356
Appanoose, IA,4031,1813,252
Audubon, IA,2135,1079,165
Benton, IA,8226,4672,792
Black Hawk, IA,27382,32006,3833
Boone, IA,7458,5517,1009
Bremer, IA,7199,5349,802
Buchanan, IA,5504,3966,667
Buena Vista, IA,4895,2851,433
Butler, IA,4918,2163,376
Calhoun, IA,3466,1396,243
Carroll, IA,6627,3305,503
Cass, IA,4755,1946,354
Cedar, IA,5275,3578,533
Cerro Gordo, IA,11583,9840,1210
Cherokee, IA,4188,1676,322
Chickasaw, IA,3739,2264,364
Clarke, IA,2706,1463,236
Clay, IA,5870,2246,426
Clayton, IA,5309,3236,553
Clinton, IA,11249,10079,1420
Crawford, IA,4608,1985,269
Dallas, IA,19288,15662,2667
Davis, IA,2721,976,161
Decatur, IA,2296,1201,206
Delaware, IA,5688,2956,521
Des Moines, IA,9479,8178,1056
Dickinson, IA,6743,3051,453
Dubuque, IA,23384,22774,2879
Emmet, IA,3121,1356,230
Fayette, IA,5591,3666,556
Floyd, IA,4371,3177,437
Franklin, IA,3153,1490,272
Fremont, IA,2401,959,194
Greene, IA,2819,1688,255
Grundy, IA,4516,1847,403
Guthrie, IA,3603,1720,331
Hamilton, IA,4450,2715,424
Hancock, IA,3972,1582,261
Hardin, IA,5231,2774,418
Harrison, IA,4892,2123,363
Henry, IA,5764,2897,625
Howard, IA,2611,1674,222
Humboldt, IA,3564,1251,218
Ida, IA,2655,792,143
Iowa, IA,5193,3070,526
Jackson, IA,5821,3837,546
Jasper, IA,10556,7108,1112
Jefferson, IA,3738,3702,561
Johnson, IA,20993,49942,4702
Jones, IA,5718,3779,514
Keokuk, IA,3385,1265,208
Kossuth, IA,5637,2529,339
Lee, IA,8762,6195,936
Linn, IA,48183,58481,8000
Louisa, IA,3060,1643,240
Lucas, IA,2873,1236,188
Lyon, IA,5188,917,231
Madison, IA,5336,2666,521
Mahaska, IA,7404,2606,484
Marion, IA,10940,5469,1145
Marshall, IA,9125,7623,952
Mills, IA,5050,2080,478
Mitchell, IA,3180,1879,301
Monona, IA,3115,1244,166
Monroe, IA,2635,1053,156
Montgomery, IA,3431,1312,255
Muscatine, IA,9549,8284,1253
O'Brien, IA,5735,1314,299
Osceola, IA,2528,552,117
Page, IA,4875,1801,292
Palo Alto, IA,3079,1395,200
Plymouth, IA,9659,2878,520
Pocahontas, IA,2692,962,177
Polk, IA,93421,119671,15328
Pottawattamie, IA,24441,15341,2444
Poweshiek, IA,4936,4272,485
Ringgold, IA,1820,753,111
Sac, IA,3692,1269,197
Scott, IA,39083,40302,5493
Shelby, IA,4340,1649,281
Sioux, IA,14761,2289,939
Story, IA,19111,25085,4714
Tama, IA,4968,3194,474
Taylor, IA,2108,755,140
Union, IA,3521,1920,327
Van Buren, IA,2524,843,159
Wapello, IA,8710,5591,695
Warren, IA,14773,10371,1772
Washington, IA,6170,3938,716
Wayne, IA,2069,719,133
Webster, IA,10049,6293,897
Winnebago, IA,3437,1920,360
Winneshiek, IA,5332,5238,647
Woodbury, IA,24627,16102,2204
Worth, IA,2443,1523,250
Wright, IA,3790,1890,269
Ada, ID,93748,75676,26163
Adams, ID,1556,415,212
Bannock, ID,17180,10342,5883
Bear Lake, ID,2203,255,470
Benewah, ID,3101,780,311
Bingham, ID,10907,2924,2794
Blaine, ID,3340,6416,967
Boise, ID,2673,777,362
Bonner, ID,10220,5140,1455
Bonneville, ID,26699,8930,8583
Boundary, ID,3789,933,428
Butte, ID,914,160,156
Camas, ID,410,110,79
Canyon, ID,46755,16683,8569
Caribou, ID,2275,271,489
Cassia, ID,5949,1036,1193
Clark, ID,203,44,36
Clearwater, ID,2852,704,245
Custer, ID,1777,427,209
Elmore, ID,5816,1814,889
Franklin, ID,3901,385,1213
Fremont, ID,4091,651,972
Gem, ID,5980,1229,743
Gooding, ID,3743,930,518
Idaho, ID,6441,1196,586
Jefferson, ID,8436,976,2059
Jerome, ID,7347,2117,1203
Kootenai, ID,44449,16264,5573
Latah, ID,7255,8093,2798
Lemhi, ID,3011,733,324
Lewis, ID,1202,270,118
Lincoln, ID,1184,360,204
Madison, ID,8941,1201,5545
Minidoka, ID,4887,1167,816
Nez Perce, ID,10699,4828,1668
Oneida, ID,1531,184,353
Owyhee, ID,3052,591,277
Payette, ID,4306,892,505
Power, ID,1666,699,393
Shoshone, ID,3297,1384,439
Teton, ID,2161,2157,648
Twin Falls, ID,21063,6844,3986
Valley, ID,2906,1913,530
Washington, ID,3283,776,395
Adams, IL,22732,7633,1405
Alexander, IL,1496,1262,62
Bond, IL,4884,2066,512
Boone, IL,12261,8952,1391
Brown, IL,1776,475,85
Bureau, IL,9264,6010,1029
Calhoun, IL,1719,739,98
Carroll, IL,4428,2437,489
Cass, IL,3216,1617,221
Champaign, IL,33235,49694,6267
Christian, IL,10522,3982,806
Clark, IL,5620,1873,326
Clay, IL,5009,1014,255
Clinton, IL,12394,3939,935
Coles, IL,12985,7285,1310
Cook, IL,440213,1528582,86420
Crawford, IL,6146,1969,392
Cumberland, IL,4200,1028,285
De Witt, IL,5072,1907,490
DeKalb, IL,19051,20348,3206
Douglas, IL,5695,1946,448
DuPage, IL,164355,222499,26075
Edgar, IL,5634,1778,371
Edwards, IL,2777,432,103
Effingham, IL,13613,3071,744
Fayette, IL,7363,1814,338
Ford, IL,4474,1410,405
Franklin, IL,13101,4711,721
Fulton, IL,8482,6118,1009
Gallatin, IL,1942,656,93
Greene, IL,4139,1202,201
Grundy, IL,13417,8021,1453
Hamilton, IL,3205,800,138
Hancock, IL,5713,1744,361
Hardin, IL,1650,419,64
Henderson, IL,2153,1151,176
Henry, IL,13962,8835,1435
Iroquois, IL,9728,2496,699
Jackson, IL,10889,11619,2001
Jasper, IL,3973,924,207
Jefferson, IL,11681,4408,729
Jersey, IL,7737,2673,499
Jo Daviess, IL,6113,4452,612
Johnson, IL,4644,1135,238
Kane, IL,82087,99389,12024
Kankakee, IL,25081,18908,2567
Kendall, IL,24152,23392,3271
Knox, IL,10658,9939,1367
Lake, IL,108608,168186,16780
LaSalle, IL,26269,19277,2901
Lawrence, IL,4517,1288,234
Lee, IL,8597,5499,1119
Livingston, IL,10197,4005,894
Logan, IL,8167,3301,662
Macon, IL,26782,18211,2290
Macoupin, IL,14194,6532,1155
Madison, IL,70295,50336,7271
Marion, IL,11677,4231,692
Marshall, IL,3776,1784,343
Mason, IL,4051,2008,374
Massac, IL,4844,1555,234
McDonough, IL,6789,5278,843
McHenry, IL,71117,59827,9201
McLean, IL,37081,35918,5996
Menard, IL,4230,1808,385
Mercer, IL,4800,3061,556
Monroe, IL,12614,5522,938
Montgomery, IL,8616,3490,723
Morgan, IL,9060,4693,854
Moultrie, IL,4453,1476,280
Ogle, IL,14344,8025,1429
Peoria, IL,35299,37436,4730
Perry, IL,6816,2433,457
Piatt, IL,5623,2633,643
Pike, IL,5749,1412,297
Pope, IL,1678,374,80
Pulaski, IL,1583,817,73
Pulaski, IL,1583,817,73
Putnam, IL,1762,1143,171
Randolph, IL,9992,3421,619
Richland, IL,5736,1579,315
Rock Island, IL,26969,32258,3744
Saline, IL,8248,2551,435
Sangamon, IL,49823,40731,5918
Schuyler, IL,2523,1074,195
Scott, IL,1965,528,90
Shelby, IL,8209,2279,424
St. Clair, IL,53479,60180,5542
Stark, IL,1777,748,182
Stephenson, IL,10845,7531,1149
Tazewell, IL,38620,20568,4159
Union, IL,5780,2389,345
Vermilion, IL,18582,9876,1341
Wabash, IL,4039,1146,217
Warren, IL,4267,2983,450
Washington, IL,5566,1446,364
Wayne, IL,6963,1048,245
White, IL,5639,1412,238
Whiteside, IL,12597,11005,1608
Will, IL,129726,146230,15054
Williamson, IL,21503,8539,1380
Winnebago, IL,53922,52595,6510
Woodford, IL,13180,5068,1141
Adams, IN,9642,2802,595
Allen, IN,83801,55222,6764
Bartholomew, IN,20637,9841,1911
Benton, IN,2579,860,215
Blackford, IN,3349,1243,230
Boone, IN,19654,10181,2226
Brown, IN,5015,2518,375
Carroll, IN,6273,1891,445
Cass, IN,9697,3758,680
Clark, IN,30012,18791,2301
Clay, IN,8528,2306,425
Clinton, IN,8530,2819,547
Crawford, IN,3013,1323,255
Daviess, IN,8545,1800,391
Dearborn, IN,18110,4883,917
Decatur, IN,8488,2121,486
DeKalb, IN,12054,3941,821
Delaware, IN,24217,18100,2382
Dubois, IN,13365,5389,1163
Elkhart, IN,41810,20667,2710
Fayette, IN,6839,2252,439
Floyd, IN,21427,13939,1859
Fountain, IN,5661,1476,337
Franklin, IN,8665,1967,358
Fulton, IN,6010,1960,404
Gibson, IN,11079,3720,673
Grant, IN,17009,7029,1201
Greene, IN,10275,2929,559
Hamilton, IN,87299,57214,9117
Hancock, IN,25050,8901,2076
Harrison, IN,12993,4776,759
Hendricks, IN,48326,22595,4337
Henry, IN,13895,5124,1056
Howard, IN,23675,11215,1864
Huntington, IN,11649,3506,819
Jackson, IN,12857,3843,832
Jasper, IN,9382,3329,620
Jay, IN,5697,1889,376
Jefferson, IN,8538,4325,598
Jennings, IN,8222,2364,529
Johnson, IN,45456,17318,3455
Knox, IN,11077,3772,634
Kosciusko, IN,23909,6311,1687
LaGrange, IN,7025,2080,447
Lake, IN,75565,116896,7786
LaPorte, IN,22678,19795,2521
Lawrence, IN,14034,4210,832
Madison, IN,32376,18595,2689
Marion, IN,130228,212676,18166
Marshall, IN,12286,4798,924
Martin, IN,3695,881,231
Miami, IN,9975,2766,699
Monroe, IN,20527,34183,2913
Montgomery, IN,11051,3362,688
Morgan, IN,23671,6037,1472
Newton, IN,4074,1403,314
Noble, IN,12198,3904,788
Ohio, IN,2118,686,113
Orange, IN,5800,2048,341
Owen, IN,6151,1946,423
Parke, IN,4863,1441,272
Perry, IN,4556,3062,407
Pike, IN,4398,1297,282
Porter, IN,38719,33531,4242
Posey, IN,8393,3515,540
Pulaski, IN,3854,1327,256
Putnam, IN,10637,3356,687
Randolph, IN,7515,2446,495
Ripley, IN,9806,2471,513
Rush, IN,5292,1525,397
Scott, IN,6074,2642,344
Shelby, IN,12718,4247,970
Spencer, IN,6572,2861,526
St. Joseph, IN,52019,52247,5186
Starke, IN,6367,2489,370
Steuben, IN,10127,3741,662
Sullivan, IN,6138,2113,308
Switzerland, IN,2558,930,151
Tippecanoe, IN,30711,27207,3998
Tipton, IN,5589,1587,334
Union, IN,2445,715,126
Vanderburgh, IN,40422,28296,3239
Vermillion, IN,4511,2081,321
Vigo, IN,21924,15922,1723
Wabash, IN,9819,3018,578
Warren, IN,2896,839,184
Warrick, IN,19133,9086,1390
Washington, IN,8206,2636,491
Wayne, IN,16028,8322,1225
Wells, IN,9999,2585,539
White, IN,6813,2563,526
Whitley, IN,11357,3379,799
Allen, KS,3575,1398,341
Anderson, KS,2386,665,226
Atchison, KS,3977,1946,470
Barber, KS,1822,281,106
Barton, KS,7766,1823,499
Bourbon, KS,4314,1306,298
Brown, KS,2861,850,249
Butler, KS,18781,6489,1781
Chase, KS,964,313,65
Chautauqua, KS,1552,236,57
Cherokee, KS,6017,1959,410
Cheyenne, KS,1172,188,49
Clark, KS,813,118,52
Clay, KS,2831,665,231
Cloud, KS,2856,744,231
Coffey, KS,2990,719,253
Comanche, KS,705,102,50
Cowley, KS,8016,3436,719
Crawford, KS,8394,5064,946
Decatur, KS,1220,178,62
Dickinson, KS,5905,1582,521
Doniphan, KS,2601,584,181
Douglas, KS,14308,30089,3834
Edwards, KS,1033,208,67
Elk, KS,1048,160,51
Ellis, KS,8311,2669,680
Ellsworth, KS,1933,515,178
Finney, KS,6155,3006,570
Ford, KS,4994,2032,399
Franklin, KS,7025,2829,804
Geary, KS,4116,2569,444
Gove, KS,1127,149,52
Graham, KS,1013,185,67
Grant, KS,1755,427,129
Gray, KS,1651,257,103
Greeley, KS,523,83,33
Greenwood, KS,2146,484,181
Hamilton, KS,690,114,43
Harper, KS,1950,388,175
Harvey, KS,8503,5006,1031
Haskell, KS,1011,228,61
Hodgeman, KS,845,124,37
Jackson, KS,3888,1489,350
Jefferson, KS,5112,2483,556
Jewell, KS,1204,180,99
Johnson, KS,133907,126324,19522
Kearny, KS,1048,224,53
Kingman, KS,2507,594,180
Kiowa, KS,855,111,57
Labette, KS,5232,2234,453
Lane, KS,684,104,43
Leavenworth, KS,17387,10064,2225
Lincoln, KS,1168,214,66
Linn, KS,3377,721,181
Logan, KS,1124,149,75
Lyon, KS,6354,4456,935
Marion, KS,3928,1177,360
Marshall, KS,3250,1060,268
McPherson, KS,8407,3183,853
Meade, KS,1390,206,79
Miami, KS,9839,3949,924
Mitchell, KS,2216,469,139
Montgomery, KS,8466,2557,600
Morris, KS,1790,586,192
Morton, KS,970,145,45
Nemaha, KS,4066,714,245
Neosho, KS,4340,1464,347
Ness, KS,1216,160,59
Norton, KS,1808,277,105
Osage, KS,4713,1730,451
Osborne, KS,1437,231,85
Ottawa, KS,2261,424,181
Pawnee, KS,1872,567,163
Phillips, KS,2200,296,115
Pottawatomie, KS,7451,2191,717
Pratt, KS,2824,769,213
Rawlins, KS,1209,160,79
Reno, KS,15100,6670,1678
Republic, KS,1993,370,121
Rice, KS,2652,668,247
Riley, KS,9817,8892,1766
Rooks, KS,1999,273,106
Rush, KS,1177,227,70
Russell, KS,2544,454,150
Saline, KS,13367,6084,1755
Scott, KS,1832,232,95
Sedgwick, KS,101319,66716,12715
Seward, KS,3025,1491,227
Shawnee, KS,35349,33270,5029
Sheridan, KS,1186,126,50
Sherman, KS,2043,340,154
Smith, KS,1635,295,84
Stafford, KS,1485,303,96
Stanton, KS,580,132,30
Stevens, KS,1564,215,74
Sumner, KS,6844,2039,611
Thomas, KS,2832,467,184
Trego, KS,1211,193,55
Wabaunsee, KS,2358,773,209
Wallace, KS,711,45,23
Washington, KS,2136,378,163
Wichita, KS,765,139,30
Wilson, KS,2747,550,185
Woodson, KS,1063,270,87
Wyandotte, KS,15520,29346,2601
Adair, KY,6637,1323,268
Allen, KY,6466,1349,270
Anderson, KY,8242,2634,538
Ballard, KY,3161,816,120
Ballard, KY,3161,816,120
Barren, KY,13483,4275,715
Bath, KY,3082,1361,134
Bell, KY,7764,1720,230
Boone, KY,39082,15026,3442
Bourbon, KY,5569,2791,431
Boyd, KY,13591,6021,831
Boyle, KY,8040,4281,607
Bracken, KY,2711,705,106
Breathitt, KY,3991,1537,200
Breckinridge, KY,6484,1960,321
Bullitt, KY,26210,8255,1571
Butler, KY,4428,947,200
Caldwell, KY,4507,1260,205
Calloway, KY,10367,4749,923
Campbell, KY,25050,14658,2763
Carlisle, KY,2094,432,73
Carroll, KY,2588,1106,157
Carter, KY,7587,2276,404
Casey, KY,5482,767,189
Christian, KY,14108,7188,773
Clark, KY,10710,4706,777
Clay, KY,5861,752,149
Clinton, KY,3809,547,98
Crittenden, KY,3290,617,129
Cumberland, KY,2502,459,100
Daviess, KY,28907,14163,2682
Edmonson, KY,4135,979,125
Elliott, KY,2000,740,107
Estill, KY,4236,1108,194
Fayette, KY,56890,69776,9446
Fleming, KY,4722,1348,180
Floyd, KY,11993,4015,513
Franklin, KY,11819,10717,1304
Fulton, KY,1549,774,58
Fulton, KY,1549,774,58
Gallatin, KY,2443,749,142
Garrard, KY,5904,1453,256
Grant, KY,7268,1910,373
Graves, KY,12671,3308,603
Grayson, KY,8219,1959,386
Green, KY,4372,832,127
Greenup, KY,11546,4146,573
Hancock, KY,2788,1244,260
Hardin, KY,26970,13944,2199
Harlan, KY,9129,1372,243
Harrison, KY,5435,2031,308
Hart, KY,5320,1730,211
Henderson, KY,12159,6707,826
Henry, KY,4944,1828,370
Hickman, KY,1657,449,51
Hopkins, KY,15277,4310,738
Jackson, KY,4889,482,126
Jefferson, KY,143758,190824,18196
Jessamine, KY,15474,6144,1674
Johnson, KY,8043,1250,267
Kenton, KY,42958,24213,4734
Knott, KY,4357,1245,154
Knox, KY,9885,1761,355
Larue, KY,4799,1278,282
Laurel, KY,20592,3440,779
Lawrence, KY,4816,1045,176
Lee, KY,2151,444,68
Leslie, KY,4015,400,72
Letcher, KY,7293,1542,296
Lewis, KY,4363,785,145
Lincoln, KY,7338,1865,352
Livingston, KY,3570,887,185
Logan, KY,7778,2755,363
Lyon, KY,2789,1045,125
Madison, KY,23431,11793,2094
Magoffin, KY,3824,1172,117
Marion, KY,5122,2679,307
Marshall, KY,12322,3672,684
Martin, KY,3503,363,85
Mason, KY,4944,1970,298
McCracken, KY,20774,9134,1376
McCreary, KY,5012,664,96
McLean, KY,3381,988,196
Meade, KY,8660,3026,537
Menifee, KY,2010,700,69
Mercer, KY,7740,2395,444
Metcalfe, KY,3491,976,149
Monroe, KY,4278,601,112
Montgomery, KY,7856,3158,423
Morgan, KY,3628,1006,132
Muhlenberg, KY,9393,3272,381
Nelson, KY,13430,6434,897
Nicholas, KY,1957,787,93
Ohio, KY,7942,2080,376
Oldham, KY,20469,10268,2101
Owen, KY,3745,1062,190
Owsley, KY,1474,256,27
Pendleton, KY,4604,1164,238
Perry, KY,8158,2136,272
Pike, KY,19740,4277,620
Powell, KY,3513,1272,167
Pulaski, KY,22900,4208,907
Robertson, KY,759,222,32
Rockcastle, KY,5609,915,162
Rowan, KY,5174,3295,360
Russell, KY,6863,1093,215
Scott, KY,15052,7713,1394
Shelby, KY,13196,6276,1091
Simpson, KY,5077,2144,303
Spencer, KY,7196,1921,392
Taylor, KY,8320,2553,428
Todd, KY,3612,1042,117
Trigg, KY,4928,1587,225
Trimble, KY,2771,879,136
Union, KY,4701,1331,177
Warren, KY,28673,16966,2777
Washington, KY,4013,1420,188
Wayne, KY,6370,1431,187
Webster, KY,4397,1240,167
Whitley, KY,11312,2067,386
Wolfe, KY,1804,753,77
Woodford, KY,7697,4958,892
Acadia, LA,21159,5638,589
Allen, LA,6867,2106,272
Ascension, LA,36135,16471,2057
Assumption, LA,6714,3931,259
Avoyelles, LA,11163,5032,386
Beauregard, LA,12238,2393,447
Bienville, LA,3756,3129,120
Bossier, LA,35451,12638,1729
Caddo, LA,48977,53448,3312
Calcasieu, LA,54182,26293,3298
Caldwell, LA,3822,788,82
Cameron, LA,3256,323,113
Catahoula, LA,3479,1322,55
Claiborne, LA,3585,2717,119
Concordia, LA,5474,3272,123
De Soto, LA,8067,5163,267
East Baton Rouge, LA,84620,102711,9001
East Carroll, LA,1059,1838,42
East Feliciana, LA,5569,4235,238
Evangeline, LA,10357,4208,314
Franklin, LA,6514,2506,142
Grant, LA,7406,1181,232
Iberia, LA,20903,10698,853
Iberia, LA,20903,10698,853
Iberville, LA,7320,8324,399
Jackson, LA,5169,2139,156
Jefferson Davis, LA,10775,3080,422
Jefferson, LA,100292,73540,7556
Jefferson, LA,100292,73540,7556
La Salle, LA,5835,605,128
Lafayette, LA,68191,32726,4682
Lafourche, LA,31958,8423,1263
Lincoln, LA,10761,7102,801
Livingston, LA,48797,6950,1953
Madison, LA,1927,2744,61
Madison, LA,1927,2744,61
Morehouse, LA,6502,5155,195
Natchitoches, LA,8965,7143,509
Orleans, LA,24267,133833,7519
Ouachita, LA,41712,24420,1855
Plaquemines, LA,6900,3347,325
Pointe Coupee, LA,6789,4764,208
Rapides, LA,36814,18318,1706
Red River, LA,2391,1938,93
Richland, LA,6286,3157,153
Sabine, LA,7877,1703,205
St. Bernard, LA,10232,4957,618
St. Bernard, LA,10232,4957,618
St. Charles, LA,16620,8558,1012
St. Helena, LA,2497,3353,114
St. James, LA,5456,6418,211
St. John the Baptist, LA,7569,12658,513
St. Landry, LA,21966,17208,796
St. Martin, LA,16872,8266,611
St. Martin, LA,16872,8266,611
St. Mary, LA,14353,8050,468
St. Tammany, LA,90914,27716,5759
Tangipahoa, LA,33933,16869,1579
Tensas, LA,1180,1329,34
Terrebonne, LA,31900,10664,1329
Union, LA,7972,2691,231
Vermilion, LA,19807,4745,701
Vernon, LA,13471,2665,497
Washington, LA,12552,5690,380
Webster, LA,11538,6259,343
West Baton Rouge, LA,6926,5382,402
West Carroll, LA,3970,715,74
West Feliciana, LA,3390,2247,161
West Feliciana, LA,3390,2247,161
Winn, LA,4605,1643,120
Barnstable, MA,53842,71632,7193
Berkshire, MA,16799,43540,4168
Bristol, MA,104775,127619,13674
Dukes, MA,2474,8338,622
Dukes, MA,2474,8338,622
Essex, MA,135405,220027,20708
Franklin, MA,10327,24369,3291
Hampden, MA,78230,110313,11677
Hampshire, MA,22089,54572,5668
Middlesex, MA,216163,508919,42255
Nantucket, MA,1892,4144,368
Norfolk, MA,119171,219129,19481
Norfolk, MA,119171,219129,19481
Norfolk, MA,119171,219129,19481
Plymouth, MA,114722,133828,15618
Suffolk, MA,50042,241212,12263
Suffolk, MA,50042,241212,12263
Worcester, MA,157138,197126,26708
Allegany, MD,20025,6665,1114
Anne Arundel, MD,114509,116074,12356
Baltimore, MD,131009,189437,14571
Baltimore city, MD,22726,178562,7692
Calvert, MD,24680,16669,2096
Caroline, MD,8999,3747,536
Carroll, MD,55593,24314,4972
Cecil, MD,27579,12651,2079
Charles, MD,24163,46063,2254
Dorchester, MD,7938,5695,401
Frederick, MD,56472,51891,6599
Garrett, MD,10189,2252,464
Harford, MD,74261,43803,6160
Howard, MD,44792,93808,7801
Kent, MD,4598,4178,390
Montgomery, MD,82985,309761,15554
Prince George's, MD,29290,313627,8174
Queen Anne's, MD,16211,7316,1106
Somerset, MD,5056,3484,228
St. Mary's, MD,26889,15786,2494
Talbot, MD,10098,7865,768
Washington, MD,38842,19193,2696
Wicomico, MD,20832,16327,1563
Worcester, MD,15910,8783,878
Androscoggin, ME,28189,22975,4176
Aroostook, ME,19419,13377,2167
Cumberland, ME,57697,102935,10617
Cumberland, ME,57697,102935,10617
Franklin, ME,7900,7001,1481
Hancock, ME,13682,16107,2194
Hancock, ME,13682,16107,2194
Hancock, ME,13682,16107,2194
Hancock, ME,13682,16107,2194
Hancock, ME,13682,16107,2194
Hancock, ME,13682,16107,2194
Kennebec, ME,31753,29296,4950
Knox, ME,9148,12440,1433
Knox, ME,9148,12440,1433
Knox, ME,9148,12440,1433
Knox, ME,9148,12440,1433
Lincoln, ME,9727,10241,1464
Lincoln, ME,9727,10241,1464
Oxford, ME,16214,12172,2708
Penobscot, ME,41601,32832,5795
Piscataquis, ME,5403,3098,643
Sagadahoc, ME,9304,10679,1613
Somerset, ME,14998,9092,1878
Waldo, ME,10378,10442,1810
Waldo, ME,10378,10442,1810
Washington, ME,9037,6358,1164
York, ME,50388,55828,7746
Alcona, MI,4201,1732,246
Alger, MI,2585,1663,265
Allegan, MI,33812,17932,3409
Alpena, MI,9090,4877,721
Antrim, MI,8469,4448,655
Arenac, MI,4704,2238,515
Baraga, MI,2158,1156,172
Barry, MI,19197,9109,1959
Bay, MI,28327,21641,2964
Benzie, MI,5539,4108,574
Berrien, MI,38646,29496,3740
Branch, MI,11025,4740,725
Calhoun, MI,31489,24154,3143
Cass, MI,14241,7270,1761
Charlevoix, MI,8674,5137,756
Charlevoix, MI,8674,5137,756
Cheboygan, MI,8680,4302,665
Chippewa, MI,9120,5378,936
Clare, MI,8507,4250,628
Clinton, MI,21635,16490,2439
Crawford, MI,4354,2110,369
Delta, MI,11112,6431,924
Dickinson, MI,8580,3923,637
Eaton, MI,27608,24534,3544
Emmet, MI,10616,6972,1186
Genesee, MI,84174,102744,9217
Gladwin, MI,8124,3794,554
Gogebic, MI,4019,2925,369
Grand Traverse, MI,27412,20964,3084
Gratiot, MI,9878,5665,899
Hillsdale, MI,14094,4799,987
Houghton, MI,8475,6018,1130
Huron, MI,10629,4579,640
Ingham, MI,44354,81266,7858
Ionia, MI,16374,8206,1784
Iosco, MI,8344,4344,661
Iron, MI,3675,2004,231
Isabella, MI,12338,11404,1602
Jackson, MI,39793,25795,3979
Kalamazoo, MI,51031,67142,7793
Kalkaska, MI,6213,2279,428
Kent, MI,147959,138567,19744
Keweenaw, MI,814,527,88
Keweenaw, MI,814,527,88
Lake, MI,3159,1939,230
Lapeer, MI,30037,12734,2355
Leelanau, MI,7239,6774,744
Leelanau, MI,7239,6774,744
Leelanau, MI,7239,6774,744
Lenawee, MI,26428,16750,2717
Livingston, MI,65665,34378,5534
Luce, MI,1756,681,139
Mackinac, MI,3740,2085,263
Macomb, MI,224589,176238,17946
Manistee, MI,6915,4979,704
Marquette, MI,14646,16042,2209
Mason, MI,8505,5281,872
Mecosta, MI,10305,5827,1017
Menominee, MI,6704,3539,522
Midland, MI,23877,15655,2847
Missaukee, MI,5386,1565,350
Monroe, MI,43255,26859,3987
Montcalm, MI,16907,7874,1775
Montmorency, MI,3498,1286,224
Muskegon, MI,35962,36640,4512
Newaygo, MI,15174,6212,1219
Oakland, MI,289127,342976,31152
Oceana, MI,7228,3973,702
Ogemaw, MI,6827,3030,529
Ontonagon, MI,2069,1175,176
Osceola, MI,7336,2705,556
Oscoda, MI,2843,1044,175
Otsego, MI,8266,3556,707
Ottawa, MI,90456,46276,8673
Presque Isle, MI,4486,2400,329
Roscommon, MI,8141,4287,608
Saginaw, MI,45469,44395,4334
Sanilac, MI,13446,4873,924
Schoolcraft, MI,2556,1369,226
Shiawassee, MI,19232,12547,2265
St. Clair, MI,49067,24553,4374
St. Joseph, MI,14886,7529,1350
Tuscola, MI,17421,7493,1243
Van Buren, MI,17890,13258,2065
Washtenaw, MI,50335,128025,8841
Wayne, MI,228908,517842,28700
Wexford, MI,10000,4436,843
Aitkin, MN,5516,3134,535
Anoka, MN,93341,75499,15244
Becker, MN,10880,5208,1002
Beltrami, MN,10783,8688,1845
Benton, MN,12872,5640,1399
Big Stone, MN,1607,921,201
Blue Earth, MN,15667,14428,3161
Brown, MN,8708,3763,1192
Carlton, MN,8160,8460,1439
Carver, MN,29057,21508,4537
Cass, MN,9982,4949,954
Chippewa, MN,3764,1978,440
Chisago, MN,18441,9279,2289
Clay, MN,13549,12974,2585
Clearwater, MN,2925,1100,200
Cook, MN,1156,1912,292
Cottonwood, MN,3679,1678,340
Crow Wing, MN,22287,10982,2299
Dakota, MN,99624,110251,18784
Dodge, MN,6527,3102,935
Douglas, MN,13966,6227,1430
Faribault, MN,4659,2153,543
Fillmore, MN,6271,3872,833
Freeborn, MN,8808,6041,1080
Goodhue, MN,14041,9446,2051
Grant, MN,2063,1104,286
Hennepin, MN,191768,429283,51593
Houston, MN,5616,4145,754
Hubbard, MN,7269,3432,722
Isanti, MN,13635,5656,1584
Itasca, MN,12920,9015,1715
Jackson, MN,3609,1492,352
Kanabec, MN,5230,2327,568
Kandiyohi, MN,12785,7266,1597
Kittson, MN,1349,823,191
Koochiching, MN,3569,2306,438
Lac qui Parle, MN,2294,1301,240
Lake, MN,2932,3077,463
Lake of the Woods, MN,1540,553,137
Le Sueur, MN,9182,4623,1062
Lincoln, MN,1930,860,212
Lyon, MN,7256,3825,1048
Mahnomen, MN,991,930,153
Marshall, MN,3208,1225,361
Martin, MN,7062,2733,674
McLeod, MN,12155,4978,1551
Meeker, MN,8103,3192,903
Mille Lacs, MN,8340,3709,899
Morrison, MN,12925,3637,972
Mower, MN,8826,7444,1317
Murray, MN,2974,1295,373
Nicollet, MN,8436,7886,1592
Nobles, MN,5299,2733,560
Norman, MN,1699,1264,269
Olmsted, MN,35668,36266,7343
Otter Tail, MN,20939,9339,2006
Pennington, MN,4000,2146,525
Pine, MN,8191,4580,958
Pipestone, MN,3338,1127,314
Polk, MN,8979,4712,1007
Pope, MN,3793,2106,395
Ramsey, MN,70778,176929,21454
Red Lake, MN,1141,540,190
Redwood, MN,5137,1887,542
Renville, MN,4890,2117,556
Rice, MN,15429,14437,2351
Rock, MN,3091,1373,343
Roseau, MN,5451,1856,460
Scott, MN,39948,28502,5940
Sherburne, MN,31049,13299,3590
Sibley, MN,5193,1954,580
St. Louis, MN,44631,57769,8860
Stearns, MN,47618,25575,5792
Steele, MN,11198,6239,1603
Stevens, MN,2800,2116,434
Swift, MN,2962,1679,327
Todd, MN,8485,2783,676
Traverse, MN,1050,631,110
Wabasha, MN,6989,3866,909
Wadena, MN,4837,1684,373
Waseca, MN,5967,2838,774
Washington, MN,64429,67086,11328
Watonwan, MN,2768,1814,389
Wilkin, MN,2129,893,257
Winona, MN,12122,11366,2364
Wright, MN,43274,20336,5544
Yellow Medicine, MN,3382,1524,347
Adair, MO,6019,3495,623
Andrew, MO,6665,2045,430
Atchison, MO,2059,541,123
Audrain, MO,6981,2567,495
Barry, MO,11427,2710,467
Barton, MO,4958,795,179
Bates, MO,6000,1617,404
Benton, MO,7212,2024,348
Bollinger, MO,4827,705,137
Boone, MO,36146,41072,6094
Buchanan, MO,21315,12010,2238
Butler, MO,13647,3036,549
Caldwell, MO,3231,837,241
Callaway, MO,13052,4988,1087
Camden, MO,16721,4706,755
Cape Girardeau, MO,26939,8468,1468
Carroll, MO,3480,745,136
Carter, MO,2323,436,83
Cass, MO,33006,14816,2893
Cedar, MO,5019,1010,249
Chariton, MO,2948,888,126
Christian, MO,30941,8505,1948
Clark, MO,2458,724,134
Clay, MO,57328,45182,6727
Clinton, MO,7058,2572,567
Cole, MO,24610,10907,1744
Cooper, MO,5623,1932,421
Crawford, MO,7724,1824,372
Dade, MO,3184,637,130
Dallas, MO,5895,1271,274
Daviess, MO,2763,730,196
DeKalb, MO,3540,824,226
Dent, MO,5599,978,201
Douglas, MO,5486,984,194
Dunklin, MO,8026,2360,188
Franklin, MO,35420,12339,2286
Gasconade, MO,5670,1519,255
Gentry, MO,2304,605,124
Greene, MO,77387,42400,7822
Grundy, MO,3462,780,171
Harrison, MO,2965,574,143
Henry, MO,7072,2356,427
Hickory, MO,3539,1016,162
Holt, MO,1926,346,76
Howard, MO,3277,1279,295
Howell, MO,13888,2880,647
Iron, MO,3173,933,154
Jackson, MO,114777,163723,15563
Jasper, MO,35058,10565,2556
Jefferson, MO,68973,31546,5450
Johnson, MO,13702,5924,1461
Knox, MO,1413,379,75
Laclede, MO,12834,2543,582
Lafayette, MO,10977,4047,791
Lawrence, MO,13084,2898,692
Lewis, MO,3343,933,176
Lincoln, MO,18111,5561,1185
Linn, MO,4084,1239,249
Livingston, MO,4879,1265,264
Macon, MO,5794,1518,267
Madison, MO,4102,1005,211
Maries, MO,3559,794,145
Marion, MO,9418,2993,491
McDonald, MO,6599,1329,305
Mercer, MO,1486,216,37
Miller, MO,9285,1750,379
Mississippi, MO,3600,1458,107
Moniteau, MO,5344,1237,227
Monroe, MO,3159,853,135
Montgomery, MO,4124,1118,182
Morgan, MO,6757,1768,290
New Madrid, MO,5270,1933,149
Newton, MO,20546,4988,972
Nodaway, MO,6379,2529,531
Oregon, MO,3668,865,131
Osage, MO,5845,998,235
Ozark, MO,3639,724,138
Pemiscot, MO,3964,1946,115
Perry, MO,6907,1520,305
Pettis, MO,12792,4322,931
Phelps, MO,12699,4761,1039
Pike, MO,5274,1806,295
Platte, MO,24975,18915,2751
Polk, MO,10435,2630,644
Pulaski, MO,9870,2918,655
Putnam, MO,1936,352,54
Ralls, MO,3969,1138,159
Randolph, MO,7529,2283,497
Ray, MO,7103,3088,644
Reynolds, MO,2402,540,90
Ripley, MO,4520,830,168
Saline, MO,5977,2787,481
Schuyler, MO,1505,354,74
Scotland, MO,1525,365,78
Scott, MO,13168,3574,502
Shannon, MO,2966,776,162
Shelby, MO,2524,606,122
St. Charles, MO,120899,68225,10389
St. Clair, MO,3501,936,193
St. Francois, MO,17467,6250,997
St. Louis, MO,199081,280866,23546
St. Louis, MO,20281,101487,5635
Ste. Genevieve, MO,5495,2540,424
Stoddard, MO,11077,1873,328
Stone, MO,13149,2886,503
Sullivan, MO,1884,526,74
Taney, MO,18240,4367,792
Texas, MO,8875,1728,332
Vernon, MO,6526,1706,344
Warren, MO,11109,3915,742
Washington, MO,7047,1926,306
Wayne, MO,4640,946,152
Webster, MO,12829,3173,688
Worth, MO,808,195,43
Wright, MO,6703,1166,217
Adams, MS,5125,6921,168
Alcorn, MS,11817,2684,280
Amite, MS,4282,2688,63
Attala, MS,4288,2847,107
Benton, MS,2240,1713,43
Bolivar, MS,4251,8410,170
Calhoun, MS,4360,1884,95
Carroll, MS,3774,1648,48
Chickasaw, MS,4127,3649,114
Choctaw, MS,2763,1198,59
Claiborne, MS,414,2523,17
Clarke, MS,5088,2556,69
Clay, MS,4136,5695,129
Coahoma, MS,2426,6378,108
Copiah, MS,5576,6203,127
Covington, MS,5423,3267,100
DeSoto, MS,42155,19892,1975
Forrest, MS,15149,11271,864
Franklin, MS,2685,1471,63
George, MS,8652,1013,166
Greene, MS,4309,956,60
Grenada, MS,5940,4386,116
Hancock, MS,13720,3320,477
Harrison, MS,39710,20679,1687
Harrison, MS,39710,20679,1687
Harrison, MS,39710,20679,1687
Hinds, MS,24919,64922,1695
Holmes, MS,1151,5820,74
Humphreys, MS,924,2652,23
Issaquena, MS,298,395,6
Itawamba, MS,8385,1100,149
Jackson, MS,31204,13087,1174
Jackson, MS,31204,13087,1174
Jackson, MS,31204,13087,1174
Jasper, MS,4032,4367,69
Jefferson, MS,489,3337,33
Jefferson Davis, MS,2466,3720,51
Jones, MS,20076,7748,426
Kemper, MS,1778,2827,34
Lafayette, MS,10872,7968,802
Lamar, MS,18493,5044,642
Lauderdale, MS,17574,10910,483
Lawrence, MS,4072,2181,76
Leake, MS,4775,3579,82
Lee, MS,21695,9635,644
Leflore, MS,2757,6677,132
Lincoln, MS,10550,4458,185
Lowndes, MS,13124,11545,470
Madison, MS,25607,18358,1083
Marion, MS,7697,3572,174
Marshall, MS,6525,7944,229
Monroe, MS,10107,5485,189
Montgomery, MS,2334,1775,53
Neshoba, MS,7613,2668,157
Newton, MS,5929,2549,116
Noxubee, MS,1181,4330,27
Oktibbeha, MS,7671,7851,629
Panola, MS,7371,7300,183
Pearl River, MS,15530,2919,444
Perry, MS,4135,1220,77
Pike, MS,7748,7636,249
Pontotoc, MS,9442,2123,246
Prentiss, MS,7647,2067,157
Quitman, MS,998,2303,52
Rankin, MS,46168,13741,1447
Scott, MS,5742,3999,126
Sharkey, MS,619,1290,17
Simpson, MS,7393,3871,152
Smith, MS,5877,1598,81
Stone, MS,4810,1400,158
Sunflower, MS,2768,6560,78
Tallahatchie, MS,2462,3337,71
Tate, MS,7385,3804,200
Tippah, MS,7182,1808,153
Tishomingo, MS,7117,990,203
Tunica, MS,840,2577,46
Union, MS,9161,1969,244
Walthall, MS,3374,2475,60
Warren, MS,9420,8518,349
Washington, MS,4541,9847,183
Wayne, MS,5957,3493,84
Webster, MS,3949,1001,74
Wilkinson, MS,1305,2826,43
Winston, MS,4874,3778,119
Yalobusha, MS,3366,2574,118
Yazoo, MS,4568,5221,103
Beaverhead, MT,3243,1115,318
Big Horn, MT,1833,2061,254
Blaine, MT,1259,1187,175
Broadwater, MT,2329,566,202
Carbon, MT,3729,1824,370
Carter, MT,677,70,30
Cascade, MT,19343,12053,2395
Chouteau, MT,1676,729,166
Custer, MT,3638,1172,335
Daniels, MT,729,167,56
Dawson, MT,3298,786,213
Deer Lodge, MT,1736,2018,345
Fallon, MT,1276,154,44
Fergus, MT,4235,1196,351
Flathead, MT,30079,13233,2832
Gallatin, MT,23360,23879,4930
Garfield, MT,653,34,28
Glacier, MT,1598,3076,295
Golden Valley, MT,365,71,32
Granite, MT,1185,469,108
Hill, MT,3446,2350,551
Jefferson, MT,4099,1975,461
Judith Basin, MT,867,232,90
Lake, MT,7453,4703,742
Lewis and Clark, MT,16665,14331,2701
Liberty, MT,695,205,49
Lincoln, MT,6720,2040,490
Madison, MT,3280,1175,253
McCone, MT,858,154,44
Meagher, MT,728,191,51
Mineral, MT,1322,515,137
Missoula, MT,21699,30740,4832
Musselshell, MT,1961,331,112
Park, MT,4872,3521,663
Petroleum, MT,276,30,13
Phillips, MT,1715,315,117
Pondera, MT,1786,737,169
Powder River, MT,880,127,40
Powell, MT,2017,549,202
Prairie, MT,555,100,31
Ravalli, MT,14673,6166,1224
Richland, MT,3885,669,258
Roosevelt, MT,1722,1504,260
Rosebud, MT,2211,969,177
Sanders, MT,4268,1211,392
Sheridan, MT,1237,476,112
Silver Bow, MT,6252,8545,1325
Stillwater, MT,3630,904,282
Sweet Grass, MT,1580,398,99
Teton, MT,2152,803,188
Toole, MT,1495,399,124
Treasure, MT,350,59,32
Valley, MT,2697,886,277
Wheatland, MT,698,179,55
Wibaux, MT,460,55,18
Yellowstone, MT,38675,21117,4883
Yellowstone, MT,38675,21117,4883
Alamance, NC,38235,29268,1761
Alexander, NC,13826,3750,435
Alleghany, NC,3789,1300,125
Anson, NC,4480,5785,129
Ashe, NC,9353,3476,331
Avery, NC,6226,1670,164
Beaufort, NC,14478,8699,422
Bertie, NC,3476,5837,67
Bladen, NC,8511,7021,211
Brunswick, NC,42440,23117,1698
Buncombe, NC,55339,74937,4231
Burke, NC,25741,10930,967
Cabarrus, NC,53224,35048,2730
Caldwell, NC,26499,8403,845
Camden, NC,3527,1266,146
Carteret, NC,26228,9806,885
Caswell, NC,5758,4549,208
Catawba, NC,48062,21050,1953
Chatham, NC,17012,20953,1115
Cherokee, NC,10711,2809,340
Chowan, NC,3983,2965,160
Clay, NC,4395,1352,138
Cleveland, NC,28394,14896,847
Columbus, NC,14177,8991,304
Craven, NC,27556,17481,1194
Cumberland, NC,50593,70523,3286
Currituck, NC,9070,2879,474
Dare, NC,11283,7079,647
Dare, NC,11283,7079,647
Dare, NC,11283,7079,647
Dare, NC,11283,7079,647
Davidson, NC,52870,17328,1815
Davie, NC,15502,5228,620
Duplin, NC,12151,8196,254
Durham, NC,27879,118783,3881
Edgecombe, NC,8219,16152,282
Forsyth, NC,74793,92488,5228
Franklin, NC,16320,12811,771
Gaston, NC,61467,30982,2423
Gates, NC,2851,2371,106
Graham, NC,3260,761,73
Granville, NC,13500,12827,593
Greene, NC,4358,3570,85
Guilford, NC,97461,147949,6677
Halifax, NC,8954,15642,285
Harnett, NC,27278,16452,1225
Haywood, NC,18844,10414,898
Henderson, NC,35535,19664,1611
Hertford, NC,3081,6886,133
Hoke, NC,7676,9608,563
Hyde, NC,1275,956,42
Hyde, NC,1275,956,42
Iredell, NC,54164,24441,2122
Jackson, NC,9706,7564,734
Johnston, NC,54082,28153,2318
Jones, NC,2941,2041,57
Lee, NC,13625,10380,671
Lenoir, NC,13354,11752,394
Lincoln, NC,28653,9836,960
Macon, NC,12035,4841,460
Madison, NC,6735,3899,332
Martin, NC,5874,5814,164
McDowell, NC,14517,4645,395
Mecklenburg, NC,154303,292258,15273
Mitchell, NC,6225,1585,138
Montgomery, NC,7070,4108,271
Moore, NC,30273,16148,1325
Nash, NC,23142,23024,737
New Hanover, NC,54665,50219,3853
Northampton, NC,3556,6113,92
Onslow, NC,36342,17156,1866
Orange, NC,18373,59105,2352
Pamlico, NC,4225,2427,120
Pasquotank, NC,8082,8455,427
Pender, NC,17317,9086,669
Perquimans, NC,4143,2291,161
Person, NC,11116,7772,415
Pitt, NC,35191,40967,2106
Polk, NC,6738,3715,270
Randolph, NC,49156,13074,1385
Richmond, NC,10199,8290,324
Robeson, NC,20294,18377,783
Rockingham, NC,26463,14057,854
Rowan, NC,42388,19208,1482
Rutherford, NC,21694,7451,619
Sampson, NC,14761,10486,391
Scotland, NC,6212,7279,252
Stanly, NC,21788,7008,655
Stokes, NC,16976,4645,561
Surry, NC,23495,7438,730
Swain, NC,3557,2186,239
Transylvania, NC,10441,6520,479
Tyrrell, NC,968,705,27
Union, NC,66265,34051,3280
Vance, NC,7304,12168,290
Wake, NC,193607,298353,18980
Warren, NC,3302,6668,153
Washington, NC,2560,3490,65
Watauga, NC,13521,13953,1295
Wayne, NC,27360,21520,944
Wilkes, NC,23613,6596,635
Wilson, NC,17410,19527,656
Yadkin, NC,13815,3140,395
Yancey, NC,6367,3181,260
Adams, ND,904,216,86
Barnes, ND,3156,1597,500
Benson, ND,927,842,171
Billings, ND,492,58,42
Bottineau, ND,2482,734,221
Bowman, ND,1445,227,97
Burke, ND,879,118,34
Burleigh, ND,32499,10865,3510
Cass, ND,39738,31291,7778
Cavalier, ND,1356,476,137
Dickey, ND,1656,551,165
Divide, ND,860,243,84
Dunn, ND,1753,356,90
Eddy, ND,790,354,75
Emmons, ND,1672,215,72
Foster, ND,1237,346,116
Golden Valley, ND,793,99,50
Grand Forks, ND,16325,10828,2558
Grant, ND,1098,187,76
Griggs, ND,847,298,102
Hettinger, ND,1032,168,61
Kidder, ND,1106,179,73
LaMoure, ND,1475,500,140
Logan, ND,867,112,51
McHenry, ND,1991,474,222
McIntosh, ND,1095,233,95
McKenzie, ND,3661,696,237
McLean, ND,3827,1070,309
Mercer, ND,3715,616,233
Morton, ND,11319,3077,1151
Mountrail, ND,2551,1211,247
Nelson, ND,1025,536,133
Oliver, ND,827,119,56
Pembina, ND,2204,681,208
Pierce, ND,1433,431,156
Ramsey, ND,3216,1505,497
Ransom, ND,1209,836,272
Renville, ND,978,200,77
Richland, ND,4759,2064,637
Rolette, ND,1210,2097,355
Sargent, ND,1088,693,197
Sheridan, ND,644,94,36
Sioux, ND,256,758,163
Slope, ND,361,42,24
Stark, ND,9718,1745,652
Steele, ND,537,361,86
Stutsman, ND,6706,2484,748
Towner, ND,733,305,99
Traill, ND,2263,1239,362
Walsh, ND,2991,1166,386
Ward, ND,18601,5792,2468
Wells, ND,1793,419,140
Williams, ND,10033,1722,774
Adams, NE,9205,3272,695
Antelope, NE,2717,381,122
Arthur, NE,237,16,10
Banner, NE,355,18,17
Blaine, NE,273,30,10
Boone, NE,2299,414,154
Box Butte, NE,3550,953,258
Boyd, NE,978,128,36
Brown, NE,1380,153,46
Buffalo, NE,14424,4690,1363
Burt, NE,2360,928,235
Butler, NE,3068,690,156
Cass, NE,8388,3461,760
Cedar, NE,3533,572,255
Chase, NE,1621,171,59
Cherry, NE,2623,317,142
Cheyenne, NE,3610,702,257
Clay, NE,2373,470,130
Colfax, NE,2171,857,144
Cuming, NE,3095,712,181
Custer, NE,4616,635,238
Dakota, NE,4028,2904,327
Dawes, NE,2559,785,234
Dawson, NE,5935,2116,435
Deuel, NE,809,120,48
Dixon, NE,2041,556,147
Dodge, NE,9736,4451,772
Douglas, NE,102151,105207,12173
Dundy, NE,823,89,37
Fillmore, NE,2100,610,169
Franklin, NE,1345,250,61
Frontier, NE,1106,161,43
Furnas, NE,1915,304,96
Gage, NE,6333,2930,591
Garden, NE,869,153,41
Garfield, NE,819,121,28
Gosper, NE,792,165,43
Grant, NE,367,20,7
Greeley, NE,911,210,44
Hall, NE,14139,6142,1050
Hamilton, NE,3763,873,266
Harlan, NE,1302,219,61
Hayes, NE,471,30,9
Hitchcock, NE,1216,158,66
Holt, NE,4275,522,182
Hooker, NE,355,40,19
Howard, NE,2284,544,130
Jefferson, NE,2387,831,212
Johnson, NE,1348,560,143
Kearney, NE,2519,550,173
Keith, NE,3203,560,182
Keya Paha, NE,458,39,17
Kimball, NE,1317,227,92
Knox, NE,3181,715,165
Lancaster, NE,60456,60533,8814
Lincoln, NE,11992,2878,804
Logan, NE,400,32,19
Loup, NE,323,48,11
Madison, NE,10518,2663,775
McPherson, NE,257,14,15
Merrick, NE,2914,601,192
Morrill, NE,1788,282,96
Nance, NE,1257,280,62
Nemaha, NE,2068,765,202
Nuckolls, NE,1709,348,96
Otoe, NE,4833,2017,429
Pawnee, NE,970,279,65
Perkins, NE,1202,160,56
Phelps, NE,3832,571,206
Pierce, NE,3052,382,146
Platte, NE,10864,2612,571
Polk, NE,2019,411,108
Red Willow, NE,4212,638,211
Richardson, NE,2684,798,184
Rock, NE,687,70,36
Saline, NE,2849,1630,316
Sarpy, NE,44649,27704,5428
Saunders, NE,7486,2509,603
Scotts Bluff, NE,9952,3151,792
Seward, NE,5451,1881,422
Sheridan, NE,2192,286,87
Sherman, NE,1143,338,72
Sioux, NE,602,77,30
Stanton, NE,2173,417,158
Thayer, NE,1993,490,130
Thomas, NE,344,30,13
Thurston, NE,1013,911,105
Valley, NE,1770,337,65
Washington, NE,7374,2606,604
Wayne, NE,2675,828,237
Webster, NE,1320,306,61
Wheeler, NE,377,62,20
York, NE,4686,1181,389
Belknap, NH,19315,13517,1630
Carroll, NH,14635,12987,1441
Cheshire, NH,16876,22064,2140
Coos, NH,7951,6558,746
Grafton, NH,19010,28510,2545
Hillsborough, NH,100013,99589,11020
Merrimack, NH,37674,40198,4110
Rockingham, NH,90447,79994,8564
Strafford, NH,29072,34894,3952
Sullivan, NH,10796,10210,1095
Atlantic, NJ,47882,54472,3384
Bergen, NJ,163220,209251,11494
Burlington, NJ,79539,108361,7088
Camden, NJ,71020,142375,7042
Cape May, NJ,28237,18626,1512
Cumberland, NJ,24213,27045,1760
Essex, NJ,62059,231031,6718
Gloucester, NJ,66949,66355,5084
Hudson, NJ,45615,149980,5830
Hunterdon, NJ,38565,28797,3220
Mercer, NJ,42604,93721,5007
Middlesex, NJ,108981,164887,8800
Monmouth, NJ,165305,135825,10344
Morris, NJ,125376,114437,9035
Ocean, NJ,170103,81845,7644
Passaic, NJ,71488,112608,5003
Salem, NJ,16256,11766,1198
Somerset, NJ,64640,83839,5770
Sussex, NJ,46486,24132,3242
Union, NJ,67582,145412,6391
Warren, NJ,29393,16991,2058
Bernalillo, NM,93874,141960,34027
Catron, NM,1453,426,145
Chaves, NM,12869,5530,1760
Cibola, NM,3179,3721,1075
Colfax, NM,2569,2118,584
Curry, NM,7560,2776,956
De Baca, NM,617,192,94
Dona Ana, NM,25095,37543,6686
Eddy, NM,13124,5008,1391
Grant, NM,5251,6226,1156
Guadalupe, NM,591,962,256
Harding, NM,311,156,60
Hidalgo, NM,906,780,150
Lea, NM,12306,3877,1186
Lincoln, NM,5889,2329,638
Los Alamos, NM,3329,5443,1658
Luna, NM,3478,3195,572
McKinley, NM,4893,13162,2736
Mora, NM,662,1533,234
Otero, NM,11756,6033,1847
Quay, NM,2208,1016,326
Rio Arriba, NM,3583,9534,1650
Roosevelt, NM,3865,1445,545
Sandoval, NM,25748,27405,7444
Sandoval, NM,25748,27405,7444
San Juan, NM,27879,12826,4771
San Miguel, NM,2302,7249,1111
Santa Fe, NM,14198,49956,5928
Sierra, NM,2998,1600,531
Socorro, NM,2592,3275,889
Taos, NM,2706,10550,1816
Torrance, NM,3695,1770,785
Union, NM,1214,318,156
Valencia, NM,13175,10810,3365
Carson City, NV,13125,9610,2281
Churchill, NV,7828,2210,898
Clark, NV,319571,401068,44782
Douglas, NV,17406,8453,2012
Elko, NV,13542,3400,1603
Esmeralda, NV,329,65,29
Eureka, NV,723,74,57
Humboldt, NV,4521,1386,526
Lander, NV,1828,403,182
Lincoln, NV,1671,285,176
Lyon, NV,16005,6146,1611
Mineral, NV,1179,637,181
Nye, NV,13320,5095,1177
Pershing, NV,1403,430,149
Storey, NV,1616,752,190
Washoe, NV,94529,97032,17721
White Pine, NV,2723,707,343
Albany, NY,44227,74775,6642
Allegany, NY,11712,4473,926
Bronx, NY,34424,318403,6030
Broome, NY,38077,35212,4368
Cattaraugus, NY,18668,8717,1576
Cayuga, NY,16194,12202,1728
Chautauqua, NY,29418,17281,2682
Chemung, NY,19025,12394,1776
Chenango, NY,11024,5943,1146
Clinton, NY,13181,13446,1751
Columbia, NY,12756,13123,1376
Cortland, NY,9207,7976,1241
Delaware, NY,11012,5825,941
Dutchess, NY,58163,56874,5162
Erie, NY,173817,192065,17366
Essex, NY,7275,6760,1044
Franklin, NY,7636,6517,995
Fulton, NY,12759,5805,999
Genesee, NY,15986,6946,1531
Greene, NY,11546,6370,953
Hamilton, NY,1795,752,141
Herkimer, NY,15664,7289,1308
Jefferson, NY,19947,12289,2027
Kings, NY,133653,595086,17556
Lewis, NY,6916,2828,568
Livingston, NY,19211,10478,1674
Madison, NY,14901,10548,1943
Monroe, NY,128871,174063,17230
Montgomery, NY,10579,5961,898
Nassau, NY,275479,307326,16844
New York, NY,58935,515481,16952
Niagara, NY,49223,32888,3889
Oneida, NY,48490,30749,4637
Onondaga, NY,78277,102915,10770
Ontario, NY,24343,20233,3088
Orange, NY,72129,63037,5587
Orleans, NY,11582,4327,813
Oswego, NY,25870,15614,2638
Otsego, NY,12284,9285,1455
Putnam, NY,25241,17363,1582
Queens, NY,138550,473389,15082
Rensselaer, NY,31933,30039,4019
Richmond, NY,95612,67561,4036
Rockland, NY,57148,63454,3341
Saratoga, NY,51088,46546,6455
Schenectady, NY,27268,30870,3491
Schoharie, NY,8173,3777,723
Schuyler, NY,5179,2761,483
Seneca, NY,6719,5175,833
St. Lawrence, NY,18450,14659,2045
Steuben, NY,25091,11215,2067
Suffolk, NY,328403,276953,20364
Sullivan, NY,14626,10983,900
Tioga, NY,12528,6852,1176
Tompkins, NY,9647,25555,2545
Ulster, NY,32962,40010,4162
Warren, NY,14284,11366,1918
Washington, NY,12770,8238,1393
Wayne, NY,21935,12378,2285
Westchester, NY,121643,245670,11193
Wyoming, NY,11884,3585,811
Yates, NY,5180,3219,576
Adams, OH,8445,2293,325
Allen, OH,29858,12815,1963
Ashland, OH,17169,5659,1246
Ashtabula, OH,22755,15191,1863
Athens, OH,10816,15552,1573
Auglaize, OH,18130,3825,905
Belmont, OH,20729,8652,1156
Brown, OH,14257,4270,612
Butler, OH,104441,56700,7281
Carroll, OH,9067,3124,616
Champaign, OH,12314,4488,795
Clark, OH,34311,22666,2643
Clermont, OH,65960,26096,4399
Clinton, OH,13466,3943,691
Columbiana, OH,31086,12273,1902
Coshocton, OH,10381,3908,672
Crawford, OH,13265,4518,919
Cuyahoga, OH,179894,383974,19362
Darke, OH,19698,4395,907
Defiance, OH,11478,5282,1035
Delaware, OH,55660,39584,4857
Erie, OH,19301,15692,1737
Fairfield, OH,43163,24150,3229
Fayette, OH,7763,2672,382
Franklin, OH,192328,335961,26422
Fulton, OH,13419,5981,1293
Gallia, OH,9567,2564,457
Geauga, OH,29577,17165,1994
Greene, OH,47506,28023,4104
Guernsey, OH,11164,4286,706
Hamilton, OH,169972,207587,17441
Hancock, OH,23777,9419,2020
Hardin, OH,8541,2870,603
Harrison, OH,5021,1663,272
Henry, OH,9136,3690,845
Highland, OH,13005,3436,607
Hocking, OH,8282,3713,518
Holmes, OH,8578,1766,479
Huron, OH,15930,7080,1322
Jackson, OH,9618,3142,479
Jefferson, OH,20668,9483,1195
Knox, OH,18563,7959,1246
Lake, OH,62627,45056,5107
Lawrence, OH,18240,6849,860
Licking, OH,49346,26360,3693
Logan, OH,15586,4537,884
Lorain, OH,65346,64958,6350
Lucas, OH,74102,107363,10219
Madison, OH,11319,4662,773
Mahoning, OH,52808,56188,3831
Marion, OH,16563,7748,1337
Medina, OH,53811,31582,3967
Meigs, OH,6869,2157,384
Mercer, OH,17200,3335,780
Miami, OH,36311,12832,2324
Monroe, OH,4781,1647,258
Montgomery, OH,120766,117661,11133
Morgan, OH,4315,1711,264
Morrow, OH,11722,3711,753
Muskingum, OH,23588,10926,1703
Noble, OH,4441,1201,233
Ottawa, OH,12389,8136,1217
Paulding, OH,6359,2068,415
Perry, OH,9978,4072,597
Pickaway, OH,16482,6325,1007
Pike, OH,7669,3443,401
Portage, OH,38978,31463,3527
Preble, OH,15376,4323,776
Putnam, OH,14704,2874,809
Richland, OH,35805,15629,2305
Ross, OH,17833,9905,1217
Sandusky, OH,16045,9733,1713
Scioto, OH,19742,8841,1035
Seneca, OH,14559,7237,1685
Shelby, OH,18148,4143,819
Stark, OH,96345,66581,7942
Summit, OH,109531,129922,10484
Trumbull, OH,48152,42130,3791
Tuscarawas, OH,26105,11895,2088
Union, OH,17601,7530,1402
Van Wert, OH,10328,2667,589
Vinton, OH,3799,1332,262
Warren, OH,75947,33036,5271
Washington, OH,19901,7841,1250
Wayne, OH,31622,14670,2258
Williams, OH,11706,4287,945
Wood, OH,31734,26440,4113
Wyandot, OH,7346,2484,566
Adair, OK,4753,1374,341
Alfalfa, OK,1931,216,109
Atoka, OK,4068,795,139
Beaver, OK,1987,176,74
Beckham, OK,6287,958,284
Blaine, OK,2884,711,198
Bryan, OK,10449,2793,533
Caddo, OK,6473,2418,445
Canadian, OK,39969,11666,3615
Carter, OK,13751,4002,780
Cherokee, OK,9992,5455,1040
Choctaw, OK,4202,1064,153
Cimarron, OK,962,70,45
Cleveland, OK,62469,38790,8067
Coal, OK,1892,411,90
Comanche, OK,19153,11439,1912
Cotton, OK,2054,424,124
Craig, OK,4279,1249,250
Creek, OK,21539,5834,1413
Custer, OK,7818,2102,611
Delaware, OK,11796,3306,578
Dewey, OK,1964,222,60
Ellis, OK,1610,155,61
Garfield, OK,15998,4391,1303
Garvin, OK,8243,1852,436
Grady, OK,17293,3878,1086
Grant, OK,1827,287,86
Greer, OK,1482,323,91
Harmon, OK,714,224,37
Harper, OK,1307,131,47
Haskell, OK,3697,882,155
Hughes, OK,3387,961,177
Jackson, OK,5969,1473,364
Jefferson, OK,1905,365,75
Johnston, OK,3081,782,138
Kay, OK,12168,3734,893
Kingfisher, OK,5151,783,189
Kiowa, OK,2593,766,130
Latimer, OK,3094,797,159
Le Flore, OK,13346,3245,608
Lincoln, OK,10838,2423,740
Logan, OK,13613,4239,1096
Love, OK,2920,735,132
Major, OK,2940,310,149
Marshall, OK,4202,1095,190
Mayes, OK,11550,3423,739
McClain, OK,13151,2893,795
McCurtain, OK,8642,1799,268
McIntosh, OK,5501,2122,335
Murray, OK,4173,1086,266
Muskogee, OK,15029,7969,1195
Noble, OK,3707,901,262
Nowata, OK,3321,742,174
Okfuskee, OK,2791,943,199
Oklahoma, OK,141429,112661,19519
Okmulgee, OK,8926,4379,619
Osage, OK,12559,5593,790
Ottawa, OK,7627,2584,475
Pawnee, OK,4716,1341,289
Payne, OK,16644,8785,2320
Pittsburg, OK,12740,3704,806
Pontotoc, OK,10420,3633,761
Pottawatomie, OK,17826,6005,1586
Pushmataha, OK,3581,748,154
Roger Mills, OK,1546,151,61
Rogers, OK,30893,7895,2046
Seminole, OK,5612,2067,353
Sequoyah, OK,10888,3061,488
Stephens, OK,14166,3084,636
Texas, OK,4615,855,301
Tillman, OK,1944,657,105
Tulsa, OK,143985,87663,14909
Wagoner, OK,22967,6711,1568
Washington, OK,15810,5047,1351
Washita, OK,3851,588,189
Woods, OK,2945,521,199
Woodward, OK,6329,871,373
Baker, OR,6160,1781,538
Benton, OR,13030,28431,4116
Clackamas, OR,79062,90187,12887
Clatsop, OR,7794,8899,1465
Columbia, OR,12967,9959,2151
Coos, OR,17699,10355,2127
Crook, OR,8388,2591,659
Curry, OR,7157,4253,753
Deschutes, OR,43667,40222,6695
Douglas, OR,34112,13891,3347
Gilliam, OR,632,221,84
Grant, OR,3187,732,252
Harney, OR,2904,682,264
Hood River, OR,3223,6359,801
Jackson, OR,53083,43550,7156
Jefferson, OR,5337,2892,645
Josephine, OR,26582,13223,2808
Klamath, OR,20170,7080,1990
Lake, OR,3001,628,185
Lane, OR,66218,100497,14357
Lincoln, OR,9901,12300,1834
Linn, OR,32683,17456,4585
Malheur, OR,7141,2213,596
Marion, OR,54336,48803,7665
Morrow, OR,2698,1004,287
Multnomah, OR,63055,271754,22953
Polk, OR,18333,15741,2956
Sherman, OR,726,202,55
Tillamook, OR,6486,5701,1074
Umatilla, OR,16775,7466,1875
Union, OR,8378,3221,866
Wallowa, OR,2825,1097,255
Wasco, OR,5721,4634,896
Washington, OR,75903,137818,18313
Wheeler, OR,583,153,56
Yamhill, OR,22589,18635,3892
Adams, PA,31249,14077,1812
Allegheny, PA,257488,363017,22668
Armstrong, PA,22676,6849,921
Beaver, PA,46081,30225,2730
Bedford, PA,19455,3613,436
Berks, PA,93094,75169,7671
Blair, PA,37224,13093,1712
Bradford, PA,17957,6263,1179
Bucks, PA,163873,165861,12838
Butler, PA,61388,26834,3805
Cambria, PA,40510,17798,1859
Cameron, PA,1495,469,60
Carbon, PA,18714,8917,1090
Centre, PA,35099,36555,3740
Chester, PA,115582,140188,10867
Clarion, PA,12545,4256,680
Clearfield, PA,23909,7700,1083
Clinton, PA,9701,4533,605
Columbia, PA,17387,8502,1238
Crawford, PA,23912,10215,1436
Cumberland, PA,65649,44282,5137
Dauphin, PA,60620,64287,5253
Delaware, PA,106559,169169,9104
Elk, PA,9704,3637,513
Erie, PA,57168,54820,5252
Fayette, PA,34388,17826,1212
Forest, PA,1680,626,92
Franklin, PA,49554,17322,2469
Fulton, PA,5676,904,163
Greene, PA,10394,4157,404
Huntingdon, PA,14369,4487,640
Indiana, PA,24920,11468,1340
Jefferson, PA,14533,3437,581
Juniata, PA,8234,1810,358
Lackawanna, PA,48102,51593,3045
Lancaster, PA,137145,90066,11940
Lawrence, PA,25323,13933,1299
Lebanon, PA,38804,17860,2242
Lehigh, PA,70285,77087,5659
Luzerne, PA,77508,51454,3769
Lycoming, PA,35475,12926,1893
McKean, PA,11159,3802,611
Mercer, PA,30034,17631,1929
Mifflin, PA,14050,3563,626
Monroe, PA,31706,31930,2308
Montgomery, PA,160803,251063,15623
Montour, PA,5274,2851,410
Northampton, PA,71384,65936,5455
Northumberland, PA,24418,9184,1369
Perry, PA,15613,4630,910
Philadelphia, PA,105418,560542,14267
Pike, PA,16035,9247,784
Potter, PA,6247,1300,230
Schuylkill, PA,43937,16724,2089
Snyder, PA,11710,3991,632
Somerset, PA,27347,7367,1016
Sullivan, PA,2318,756,94
Susquehanna, PA,13295,5065,840
Tioga, PA,12928,3642,764
Union, PA,10605,6138,657
Venango, PA,15254,5889,953
Warren, PA,12032,4828,764
Washington, PA,58941,34436,3568
Wayne, PA,15269,6398,698
Westmoreland, PA,116427,59506,5807
Wyoming, PA,8375,3573,470
York, PA,126933,67428,8792
Bristol, RI,8910,14532,1249
Kent, RI,38141,37582,3968
Newport, RI,14975,22680,2106
Newport, RI,14975,22680,2106
Newport, RI,14975,22680,2106
Providence, RI,90321,141597,9900
Washington, RI,27074,33511,3575
Washington, RI,27074,33511,3575
Abbeville, SC,6742,3712,270
Aiken, SC,45981,25426,3366
Allendale, SC,788,2722,68
Anderson, SC,56109,21040,3147
Bamberg, SC,2197,3886,112
Barnwell, SC,4888,4395,196
Beaufort, SC,39986,29577,3207
Berkeley, SC,44223,30492,4204
Calhoun, SC,3785,3569,199
Charleston, SC,75233,89048,11569
Cherokee, SC,15165,6089,500
Chester, SC,7272,6582,348
Chesterfield, SC,9576,7125,427
Clarendon, SC,7246,7635,275
Colleton, SC,9083,7616,532
Darlington, SC,14973,13866,797
Dillon, SC,5637,5832,227
Dorchester, SC,34932,24010,3521
Edgefield, SC,6842,4491,311
Fairfield, SC,4024,6936,292
Florence, SC,29498,26630,1642
Georgetown, SC,17334,13234,951
Greenville, SC,125595,73338,12639
Greenwood, SC,16881,10633,1086
Hampton, SC,3483,5163,148
Horry, SC,83819,36731,3953
Jasper, SC,6100,7789,327
Kershaw, SC,17464,10293,1118
Lancaster, SC,23598,13718,1401
Laurens, SC,16770,8845,859
Lee, SC,2789,5170,151
Lexington, SC,79866,35143,6820
Marion, SC,5434,8522,261
Marlboro, SC,4257,5928,168
McCormick, SC,2651,2479,85
Newberry, SC,10011,6212,572
Oconee, SC,24096,7979,1455
Orangeburg, SC,11909,26258,657
Pickens, SC,36096,10327,2448
Richland, SC,52753,108401,8246
Saluda, SC,5525,2809,225
Spartanburg, SC,76101,39888,4804
Sumter, SC,18733,24024,1291
Union, SC,7058,4727,302
Williamsburg, SC,4863,9949,237
York, SC,66245,41230,5950
Aurora, SD,974,340,93
Beadle, SD,4455,1912,405
Bennett, SD,666,412,71
Bon Homme, SD,2105,704,165
Brookings, SD,6748,4879,1053
Brown, SD,9613,5452,1048
Brule, SD,1565,571,152
Buffalo, SD,171,296,23
Butte, SD,3355,693,298
Campbell, SD,704,105,22
Charles Mix, SD,2382,935,116
Clark, SD,1139,398,120
Clay, SD,2109,2608,352
Codington, SD,7764,3174,731
Corson, SD,588,535,52
Custer, SD,3290,1120,306
Davison, SD,5157,2355,440
Day, SD,1627,974,146
Deuel, SD,1366,570,144
Dewey, SD,723,887,97
Douglas, SD,1338,214,53
Edmunds, SD,1433,380,105
Fall River, SD,2511,821,231
Faulk, SD,858,204,56
Grant, SD,2381,970,211
Gregory, SD,1600,391,100
Haakon, SD,936,77,31
Hamlin, SD,2051,555,156
Hand, SD,1391,334,93
Hanson, SD,1497,424,85
Harding, SD,694,38,37
Hughes, SD,5174,2449,550
Hutchinson, SD,2517,692,156
Hyde, SD,543,125,22
Jackson, SD,722,323,50
Jerauld, SD,648,264,55
Jones, SD,450,69,39
Kingsbury, SD,1680,703,168
Lake, SD,4038,2314,434
Lawrence, SD,7411,3356,1075
Lincoln, SD,15499,8076,1656
Lyman, SD,977,369,75
Marshall, SD,1056,754,137
McCook, SD,1794,623,170
McPherson, SD,892,192,53
Meade, SD,8441,2223,957
Mellette, SD,402,238,43
Miner, SD,706,281,77
Minnehaha, SD,42043,30610,5610
Moody, SD,1729,1042,159
Oglala, SD,241,2504,151
Pennington, SD,29804,14074,3863
Perkins, SD,1333,188,85
Potter, SD,1069,215,51
Roberts, SD,2142,1539,205
Sanborn, SD,819,241,63
Spink, SD,1854,919,178
Stanley, SD,1148,329,90
Sully, SD,679,137,45
Todd, SD,487,1505,133
Tripp, SD,2069,462,99
Turner, SD,2937,961,252
Union, SD,5288,2227,380
Walworth, SD,1896,457,124
Yankton, SD,5654,3301,661
Ziebach, SD,368,352,46
Anderson, TN,19201,9010,1512
Bedford, TN,11455,3384,461
Benton, TN,4715,1474,133
Bledsoe, TN,3621,896,133
Blount, TN,37385,12085,2379
Bradley, TN,29761,7070,1561
Campbell, TN,9860,2248,396
Cannon, TN,4006,1126,167
Carroll, TN,7731,2323,279
Carter, TN,16897,3453,643
Cheatham, TN,11295,3877,651
Chester, TN,3827,902,121
Claiborne, TN,8589,1831,286
Clay, TN,2140,707,72
Cocke, TN,9791,1980,337
Coffee, TN,14409,4741,745
Crockett, TN,3977,1302,107
Cumberland, TN,20410,5202,686
Davidson, TN,84365,148473,13361
Decatur, TN,3580,894,103
DeKalb, TN,5164,1566,210
Dickson, TN,13213,4718,688
Dyer, TN,10175,2815,300
Fayette, TN,13046,5865,395
Fentress, TN,6032,1100,179
Franklin, TN,11526,4372,465
Gibson, TN,13779,5255,450
Giles, TN,7964,2915,241
Grainger, TN,6618,1154,213
Greene, TN,18538,4211,742
Grundy, TN,3626,998,126
Hamblen, TN,15839,4075,665
Hamilton, TN,78661,55260,7167
Hancock, TN,1842,322,65
Hardeman, TN,4912,4174,156
Hardin, TN,8012,1622,315
Hawkins, TN,16611,3502,581
Haywood, TN,3010,3704,110
Henderson, TN,8118,1796,258
Henry, TN,9483,3061,343
Hickman, TN,5685,1823,254
Houston, TN,2180,865,120
Humphreys, TN,4928,1967,244
Jackson, TN,3229,1129,89
Jefferson, TN,14760,3490,744
Johnson, TN,5400,988,168
Knox, TN,105724,62861,10681
Lake, TN,1357,577,36
Lauderdale, TN,4884,3656,138
Lawrence, TN,12419,2821,418
Lewis, TN,3579,890,132
Lincoln, TN,10375,2550,345
Loudon, TN,17588,4916,800
Loudon, TN,17588,4916,800
Macon, TN,6260,1071,159
Madison, TN,21321,15438,1005
Marion, TN,7680,2829,323
Marshall, TN,8167,2848,387
Maury, TN,23781,10026,1261
McMinn, TN,14673,3507,514
McNairy, TN,7839,1847,349
Meigs, TN,3337,856,118
Monroe, TN,13361,3184,505
Montgomery, TN,32320,21686,3272
Moore, TN,2325,496,105
Morgan, TN,5429,1053,182
Obion, TN,9525,2425,273
Overton, TN,6055,1943,197
Perry, TN,2167,597,91
Pickett, TN,2019,536,54
Polk, TN,5097,1252,171
Putnam, TN,18981,6847,1130
Rhea, TN,8650,1942,354
Roane, TN,15863,4833,884
Robertson, TN,19393,6634,1015
Rutherford, TN,64428,36627,5463
Scott, TN,6044,934,145
Sequatchie, TN,4434,1051,182
Sevier, TN,28610,6293,1277
Shelby, TN,114948,206640,10273
Smith, TN,5485,1688,237
Stewart, TN,3864,1222,197
Sullivan, TN,45577,11910,2373
Sumner, TN,50105,18153,2822
Tipton, TN,16893,5779,700
Tipton, TN,16893,5779,700
Trousdale, TN,2099,943,100
Unicoi, TN,5666,1260,240
Union, TN,5024,1010,170
Van Buren, TN,1820,539,58
Warren, TN,9535,3535,495
Washington, TN,34179,13003,2229
Wayne, TN,5034,717,91
Weakley, TN,9001,2770,356
White, TN,7657,1842,277
White, TN,7657,1842,277
Williamson, TN,68160,30992,5548
Wilson, TN,39304,14356,2626
Anderson, TX,13165,3358,364
Andrews, TX,3925,836,165
Angelina, TX,21666,7538,666
Aransas, TX,7730,2458,279
Aransas, TX,7730,2458,279
Archer, TX,3785,394,90
Armstrong, TX,924,70,23
Atascosa, TX,8598,4635,372
Austin, TX,9637,2319,299
Bailey, TX,1343,397,44
Bandera, TX,8159,1726,328
Bastrop, TX,16314,10555,1381
Baylor, TX,1267,191,34
Bee, TX,4743,3443,272
Bell, TX,51780,37608,4611
Bexar, TX,240161,319191,26686
Blanco, TX,4212,1244,213
Borden, TX,330,31,4
Bosque, TX,6325,1277,195
Bowie, TX,24913,8831,726
Brazoria, TX,72653,43075,4568
Brazos, TX,38662,23041,4333
Brewster, TX,2073,1869,284
Briscoe, TX,625,91,18
Brooks, TX,613,1937,46
Brown, TX,12010,1621,318
Burleson, TX,5316,1491,138
Burnet, TX,14595,3785,666
Caldwell, TX,6516,4663,530
Calhoun, TX,4638,2118,201
Calhoun, TX,4638,2118,201
Calhoun, TX,4638,2118,201
Calhoun, TX,4638,2118,201
Callahan, TX,4858,568,130
Cameron, TX,29432,59319,3053
Cameron, TX,29432,59319,3053
Camp, TX,3201,1260,81
Carson, TX,2617,249,79
Cass, TX,9182,2250,174
Castro, TX,1413,526,57
Chambers, TX,13278,2939,444
Cherokee, TX,12896,3466,339
Childress, TX,1802,253,29
Clay, TX,4376,536,99
Cochran, TX,679,190,32
Coke, TX,1265,140,18
Coleman, TX,3177,387,71
Collin, TX,200395,139837,16313
Collingsworth, TX,983,145,26
Colorado, TX,6323,1977,180
Comal, TX,44996,14166,2405
Comanche, TX,4300,788,120
Concho, TX,885,148,34
Cooke, TX,13174,2345,375
Coryell, TX,12212,5057,858
Cottle, TX,486,84,13
Crane, TX,1047,299,35
Crockett, TX,980,372,43
Crosby, TX,1180,468,64
Culberson, TX,280,454,28
Dallam, TX,1258,222,55
Dallas, TX,261865,458845,29939
Dawson, TX,2636,835,91
Deaf Smith, TX,2911,1185,105
Delta, TX,1836,400,43
Denton, TX,169175,110000,14112
DeWitt, TX,5510,1161,151
Dickens, TX,755,128,26
Dimmit, TX,974,2173,78
Donley, TX,1225,190,45
Duval, TX,1316,2783,60
Eastland, TX,6008,776,151
Ector, TX,24976,10225,1172
Edwards, TX,741,302,22
Ellis, TX,44807,16197,2060
El Paso, TX,54567,145509,10382
Erath, TX,11205,2159,446
Falls, TX,3438,1682,112
Fannin, TX,9536,2123,313
Fayette, TX,8648,2127,254
Fisher, TX,1265,403,54
Floyd, TX,1473,435,50
Foard, TX,383,113,15
Fort Bend, TX,117212,134475,8680
Franklin, TX,3583,665,108
Freestone, TX,5995,1461,152
Frio, TX,1232,1401,50
Gaines, TX,3907,597,105
Galveston, TX,73566,45503,4925
Galveston, TX,73566,45503,4925
Garza, TX,1223,224,28
Gillespie, TX,10445,2286,392
Glasscock, TX,553,34,15
Goliad, TX,2618,973,122
Gonzales, TX,4580,1567,157
Gray, TX,6495,699,166
Grayson, TX,35274,10276,1518
Gregg, TX,28693,11623,1049
Grimes, TX,7065,2194,269
Guadalupe, TX,36495,18308,2417
Hale, TX,6347,2090,365
Hall, TX,891,164,34
Hamilton, TX,3056,479,74
Hansford, TX,1730,171,46
Hardeman, TX,1207,249,55
Hardin, TX,19600,2779,389
Harris, TX,544960,706471,51456
Harrison, TX,18712,7130,522
Hartley, TX,1727,172,46
Haskell, TX,1403,314,48
Hays, TX,33730,33117,4677
Hemphill, TX,1460,181,46
Henderson, TX,23574,5649,632
Hidalgo, TX,48608,118739,5643
Hill, TX,10075,2535,296
Hockley, TX,5793,1257,232
Hood, TX,21367,4001,752
Hopkins, TX,10704,2508,264
Houston, TX,6205,1978,119
Howard, TX,6635,1768,289
Hudspeth, TX,503,324,44
Hunt, TX,23866,6301,1018
Hutchinson, TX,7039,854,233
Irion, TX,660,90,10
Jack, TX,2973,314,52
Jackson, TX,4266,904,105
Jasper, TX,10578,2582,191
Jeff Davis, TX,694,422,59
Jefferson, TX,42828,42404,2131
Jim Hogg, TX,430,1635,54
Jim Wells, TX,5411,6688,247
Johnson, TX,44370,10976,1924
Jones, TX,4815,935,182
Karnes, TX,2959,1144,82
Kaufman, TX,29537,10265,1177
Kendall, TX,15663,3633,640
Kenedy, TX,84,99,3
Kenedy, TX,84,99,3
Kent, TX,360,59,14
Kerr, TX,17658,4665,767
Kimble, TX,1697,206,42
King, TX,149,5,5
Kinney, TX,936,457,31
Kleberg, TX,4364,4713,406
Kleberg, TX,4364,4713,406
Knox, TX,1078,247,33
Lamar, TX,14546,3579,412
Lamb, TX,3040,770,95
Lampasas, TX,6371,1479,299
La Salle, TX,870,1125,54
Lavaca, TX,7339,1170,124
Lee, TX,4996,1372,154
Leon, TX,6391,909,107
Liberty, TX,18856,4851,448
Limestone, TX,5747,1748,153
Lipscomb, TX,1159,135,28
Live Oak, TX,3450,739,78
Llano, TX,8283,1825,269
Loving, TX,57,4,3
Lubbock, TX,65566,27956,4538
Lynn, TX,1546,403,48
Madison, TX,3349,881,53
Marion, TX,2968,1156,82
Martin, TX,1453,266,36
Mason, TX,1656,353,44
Matagorda, TX,8147,3357,275
Maverick, TX,2816,10397,375
McCulloch, TX,2546,480,60
McLennan, TX,48245,27046,2964
McMullen, TX,454,40,3
Medina, TX,12054,4624,509
Menard, TX,681,153,26
Midland, TX,36896,9993,1864
Milam, TX,6340,2042,225
Mills, TX,1949,242,47
Mitchell, TX,1780,353,57
Montague, TX,7526,885,193
Montgomery, TX,150188,45744,7151
Moore, TX,3974,1096,192
Morris, TX,3443,1425,96
Motley, TX,571,40,9
Nacogdoches, TX,14751,6822,857
Navarro, TX,11984,3998,400
Newton, TX,2961,978,71
Nolan, TX,3551,1029,164
Nueces, TX,50704,49102,4152
Nueces, TX,50704,49102,4152
Ochiltree, TX,2628,274,79
Oldham, TX,850,78,17
Orange, TX,25385,5716,660
Palo Pinto, TX,8222,1700,253
Panola, TX,8445,1835,133
Parker, TX,46433,8329,1651
Parmer, TX,1911,848,59
Pecos, TX,2463,1551,153
Polk, TX,26587,7123,734
Potter, TX,19499,7620,1211
Presidio, TX,652,1458,93
Rains, TX,3919,619,92
Randall, TX,43379,8340,2094
Reagan, TX,709,167,24
Real, TX,1382,262,34
Red River, TX,3924,1148,75
Reeves, TX,1417,1659,108
Refugio, TX,1830,1034,81
Roberts, TX,524,20,6
Robertson, TX,4665,2203,142
Rockwall, TX,28396,9633,1500
Runnels, TX,3241,452,72
Rusk, TX,14675,3935,384
Sabine, TX,3992,614,36
San Augustine, TX,2620,907,36
San Jacinto, TX,8050,2034,221
San Patricio, TX,13004,7825,684
San Saba, TX,2025,293,36
Schleicher, TX,819,209,26
Scurry, TX,4403,733,125
Shackelford, TX,1378,103,21
Shelby, TX,7171,1757,144
Sherman, TX,807,96,30
Smith, TX,58631,22128,2402
Somervell, TX,3206,540,130
Starr, TX,2218,9246,227
Stephens, TX,3033,348,72
Sterling, TX,549,70,14
Stonewall, TX,555,135,11
Sutton, TX,1075,313,27
Swisher, TX,1671,462,57
Tarrant, TX,345683,288001,29148
Taylor, TX,33172,10047,2047
Terrell, TX,287,140,10
Terry, TX,1295,424,44
Throckmorton, TX,715,84,9
Titus, TX,6405,2538,233
Tom Green, TX,27376,9117,1611
Travis, TX,126750,306475,29286
Trinity, TX,4737,1154,91
Tyler, TX,6601,1243,125
Upshur, TX,13198,2378,342
Upton, TX,961,284,51
Uvalde, TX,4828,3863,245
Val Verde, TX,5856,6920,700
Van Zandt, TX,18436,2792,461
Victoria, TX,21253,8843,936
Walker, TX,12878,6085,720
Waller, TX,10525,5744,446
Ward, TX,2541,780,92
Washington, TX,10944,3381,422
Webb, TX,12946,42297,1624
Wharton, TX,10149,4238,320
Wheeler, TX,2087,194,25
Wichita, TX,27609,8752,1552
Wilbarger, TX,3166,807,128
Willacy, TX,1541,3416,125
Willacy, TX,1541,3416,125
Williamson, TX,104029,84252,12243
Wilson, TX,13991,4790,474
Winkler, TX,1403,420,50
Wise, TX,20655,3412,594
Wood, TX,15681,2624,341
Yoakum, TX,1797,426,76
Young, TX,6587,873,198
Zapata, TX,1028,2056,50
Zavala, TX,692,2633,65
Beaver, UT,1838,264,388
Box Elder, UT,10324,1814,4410
Cache, UT,16643,6705,12531
Carbon, UT,5182,1696,940
Daggett, UT,327,76,62
Davis, UT,46985,22575,35101
Duchesne, UT,5505,500,927
Emery, UT,3402,379,482
Garfield, UT,1577,352,365
Grand, UT,1934,1932,590
Iron, UT,10025,2104,3225
Juab, UT,2759,436,881
Kane, UT,2248,739,495
Millard, UT,3860,431,943
Morgan, UT,3156,572,1408
Piute, UT,537,31,49
Rich, UT,786,104,206
Salt Lake, UT,117901,154831,88615
San Juan, UT,2635,1997,753
Sanpete, UT,6436,1026,2316
Sevier, UT,6455,673,1180
Summit, UT,7160,10251,2722
Tooele, UT,9693,4015,5197
Uintah, UT,9876,1002,2005
Utah, UT,89755,24579,60608
Wasatch, UT,6115,3063,2942
Washington, UT,39566,9583,8345
Wayne, UT,959,271,180
Weber, UT,38447,22187,20817
Accomack, VA,8582,6737,436
Albemarle, VA,19232,33297,3605
Albemarle, VA,19232,33297,3605
Alexandria city, VA,13241,57147,3996
Alleghany, VA,4873,2165,268
Alleghany, VA,4873,2165,268
Alleghany, VA,4873,2165,268
Amelia, VA,4704,2150,181
Amherst, VA,9643,4986,535
Appomattox, VA,5714,2023,217
Arlington, VA,20155,91879,7310
Augusta, VA,26152,8108,2401
Augusta, VA,26152,8108,2401
Augusta, VA,26152,8108,2401
Bath, VA,1548,603,92
Bedford, VA,30578,9733,1875
Bedford, VA,30578,9733,1875
Bedford, VA,30578,9733,1875
Bland, VA,2572,453,99
Botetourt, VA,13369,4492,780
Bristol city, VA,4884,1832,250
Brunswick, VA,3045,4473,127
Buchanan, VA,7292,1721,207
Buckingham, VA,3969,3128,187
Buena Vista city, VA,1432,693,270
Campbell, VA,19442,6597,1179
Caroline, VA,7143,6425,621
Carroll, VA,10653,2557,377
Charles City, VA,1381,2244,120
Charlotte, VA,3479,2153,160
Charlottesville city, VA,2951,17865,1395
Chesapeake city, VA,53988,52554,5285
Chesterfield, VA,84938,80993,9357
Clarke, VA,4657,3047,427
Colonial Heights city, VA,5681,2367,379
Covington city, VA,1349,914,106
Craig, VA,2139,541,104
Culpeper, VA,13341,7744,1002
Cumberland, VA,2693,2032,150
Danville city, VA,7306,11051,505
Dickenson, VA,4932,1335,138
Dinwiddie, VA,7447,5765,321
Emporia city, VA,792,1531,44
Essex, VA,2657,2541,156
Fairfax, VA,157837,354485,30536
Fairfax, VA,157837,354485,30536
Fairfax city, VA,3695,7363,796
Falls Church city, VA,1323,5810,534
Fauquier, VA,22110,12960,2054
Floyd, VA,5289,2300,383
Fluvanna, VA,7018,5751,723
Franklin, VA,18560,7254,991
Franklin city, VA,1421,2516,103
Frederick, VA,26069,11920,2144
Frederick, VA,26069,11920,2144
Fredericksburg city, VA,3731,6690,714
Galax city, VA,1603,680,80
Giles, VA,5930,1949,317
Gloucester, VA,13087,5399,1038
Goochland, VA,8374,4884,672
Grayson, VA,5593,1407,258
Greene, VA,5943,2923,637
Greensville, VA,1737,2558,68
Greensville, VA,1737,2558,68
Halifax, VA,9698,6890,358
Halifax, VA,9698,6890,358
Hampton city, VA,17802,41030,2657
Hanover, VA,39592,19360,3361
Harrisonburg city, VA,6232,10100,1361
Henrico, VA,59674,93615,8677
Henry, VA,15207,8199,623
Henry, VA,15207,8199,623
Highland, VA,958,371,62
Hopewell city, VA,3885,4722,361
Isle of Wight, VA,11971,7673,837
James City, VA,21284,19091,2362
King George, VA,7338,4002,627
King William, VA,5963,2752,373
King and Queen, VA,2059,1451,105
Lancaster, VA,3520,2862,217
Lee, VA,7542,1627,184
Lexington city, VA,766,1514,168
Loudoun, VA,69633,99909,10723
Louisa, VA,10507,6208,792
Lunenburg, VA,3206,2226,145
Lynchburg city, VA,17979,14787,2583
Madison, VA,4418,2202,314
Manassas city, VA,5934,8395,881
Manassas Park city, VA,1732,3218,264
Martinsville city, VA,2149,3531,193
Mathews, VA,3515,1563,214
Mecklenburg, VA,8283,6571,323
Middlesex, VA,3668,2107,219
Montgomery, VA,19455,20015,3225
Nelson, VA,4150,3677,420
New Kent, VA,8117,3545,501
Newport News city, VA,23650,40997,3785
Norfolk city, VA,19875,51429,3868
Northampton, VA,2686,3255,193
Northumberland, VA,5089,2830,257
Norton city, VA,1021,383,52
Nottoway, VA,3712,2829,176
Orange, VA,10511,5955,691
Page, VA,7824,2514,325
Patrick, VA,6454,1768,267
Petersburg city, VA,1448,12005,264
Pittsylvania, VA,21742,9195,750
Poquoson city, VA,5089,1599,426
Portsmouth city, VA,12773,28462,1765
Powhatan, VA,11875,4057,862
Prince Edward, VA,4099,4590,424
Prince George, VA,9157,6419,564
Prince William, VA,54065,83093,7696
Prince William, VA,54065,83093,7696
Pulaski, VA,10314,4170,628
Radford city, VA,2637,2923,472
Rappahannock, VA,2532,1741,171
Richmond, VA,2213,1347,91
Richmond city, VA,14254,74640,5830
Roanoke, VA,30857,16787,2505
Roanoke, VA,30857,16787,2505
Roanoke city, VA,16045,23403,2280
Rockbridge, VA,6671,3506,508
Rockbridge, VA,6671,3506,508
Rockbridge, VA,6671,3506,508
Rockingham, VA,25269,9361,1906
Rockingham, VA,25269,9361,1906
Russell, VA,9516,2328,351
Salem city, VA,7225,4212,692
Scott, VA,8242,1579,234
Shenandoah, VA,14078,5269,988
Smyth, VA,9747,2661,417
Southampton, VA,5035,3595,242
Spotsylvania, VA,34619,24204,3260
Stafford, VA,33840,27879,3631
Staunton city, VA,5129,5329,686
Suffolk city, VA,17206,23012,1711
Surry, VA,1785,2069,122
Sussex, VA,2055,2874,107
Tazewell, VA,15160,2895,440
Virginia Beach city, VA,84389,76744,10743
Warren, VA,11762,5165,864
Washington, VA,19309,5548,858
Waynesboro city, VA,4798,3762,554
Westmoreland, VA,4331,3723,237
Williamsburg city, VA,1921,5199,414
Winchester city, VA,4786,5161,627
Wise, VA,11983,2687,321
Wise, VA,11983,2687,321
Wythe, VA,10044,2765,441
York, VA,18823,12989,2250
Addison, VT,5297,11217,1078
Bennington, VT,5925,9539,881
Caledonia, VT,5533,6445,988
Chittenden, VT,18298,54463,4502
Essex, VT,1506,1019,181
Franklin, VT,8752,9351,1270
Grand Isle, VT,1487,2094,197
Lamoille, VT,3570,7241,830
Orange, VT,4997,7522,945
Orleans, VT,5158,5181,649
Rutland, VT,12471,13629,1560
Washington, VT,7993,18594,2067
Windham, VT,5462,14340,1349
Windsor, VT,8604,17544,1684
Adams, WA,2740,1118,223
Asotin, WA,5712,3118,854
Benton, WA,45594,25173,6140
Chelan, WA,15070,10770,1575
Clallam, WA,15685,15154,2146
Clark, WA,90590,90697,14497
Columbia, WA,1491,523,157
Cowlitz, WA,24066,17842,3577
Douglas, WA,7208,3600,659
Ferry, WA,2178,1091,291
Franklin, WA,11358,7839,1387
Garfield, WA,841,276,115
Grant, WA,18482,7768,2010
Grays Harbor, WA,13269,11378,2089
Island, WA,18259,20766,3400
Island, WA,18259,20766,3400
Jefferson, WA,5986,12556,1558
King, WA,197781,657149,55893
Kitsap, WA,46762,60561,11302
Kittitas, WA,9845,7190,1299
Klickitat, WA,5390,3781,688
Lewis, WA,16273,7236,1486
Lincoln, WA,4095,1238,359
Mason, WA,13539,11872,2356
Okanogan, WA,6305,3980,608
Pacific, WA,5338,4597,732
Pend Oreille, WA,4364,1932,492
Pierce, WA,136046,160306,26240
San Juan, WA,2651,7053,885
Skagit, WA,24330,26076,4425
Skamania, WA,2910,2207,470
Snohomish, WA,116433,167943,25120
Spokane, WA,103846,86590,17645
Stevens, WA,11059,4348,1031
Thurston, WA,46219,65015,11067
Wahkiakum, WA,1328,824,181
Walla Walla, WA,10775,7550,1393
Whatcom, WA,40247,59402,8574
Whatcom, WA,40247,59402,8574
Whitman, WA,5462,5521,1145
Yakima, WA,39593,28484,4229
Adams, WI,5983,3780,344
Ashland, WI,3428,4136,362
Ashland, WI,3428,4136,362
Ashland, WI,3428,4136,362
Ashland, WI,3428,4136,362
Barron, WI,13595,7881,1038
Bayfield, WI,4125,4953,413
Brown, WI,67192,53358,6947
Buffalo, WI,4049,2531,341
Burnett, WI,5412,2948,359
Calumet, WI,15345,9634,1450
Chippewa, WI,17912,11875,1684
Clark, WI,8645,4225,678
Columbia, WI,14160,13525,1602
Crawford, WI,3844,3426,408
Dane, WI,71270,217506,15953
Dodge, WI,26643,13968,2207
Door, WI,8584,8026,788
Door, WI,8584,8026,788
Douglas, WI,9657,11342,1186
Dunn, WI,11487,9025,1517
Eau Claire, WI,23301,27271,3508
Florence, WI,1897,666,88
Fond du Lac, WI,31044,17391,2659
Forest, WI,2787,1583,137
Grant, WI,12347,10047,1657
Green, WI,8693,9121,977
Green Lake, WI,6210,2700,405
Iowa, WI,4809,6669,645
Iron, WI,2090,1273,114
Jackson, WI,4907,3821,474
Jefferson, WI,23409,16559,2356
Juneau, WI,7188,4100,448
Kenosha, WI,36025,35770,4030
Kewaunee, WI,6616,3623,503
La Crosse, WI,26384,32402,3999
Lafayette, WI,3977,3288,337
Langlade, WI,6436,3260,397
Lincoln, WI,8400,5370,793
Manitowoc, WI,23234,14563,2194
Marathon, WI,39010,26476,3363
Marinette, WI,12995,6243,741
Marquette, WI,4712,2808,293
Menominee, WI,269,1003,7
Milwaukee, WI,126091,288986,19893
Monroe, WI,11442,7047,1065
Oconto, WI,13255,5886,783
Oneida, WI,11677,8103,1057
Outagamie, WI,49884,38087,5503
Ozaukee, WI,30458,20167,2743
Pepin, WI,2228,1345,173
Pierce, WI,11260,8380,1449
Polk, WI,13864,7568,1259
Portage, WI,17310,18524,2289
Price, WI,4562,2671,327
Racine, WI,46620,42506,4552
Richland, WI,4021,3577,364
Rock, WI,31483,39336,4224
Rusk, WI,4564,2171,294
Sauk, WI,14791,14692,1755
Sawyer, WI,4625,2846,296
Shawano, WI,12742,6056,899
Sheboygan, WI,32368,22636,3286
St. Croix, WI,26123,17496,3200
Taylor, WI,6589,2398,430
Trempealeau, WI,7370,5645,566
Vernon, WI,6994,6351,848
Vilas, WI,8169,4769,515
Walworth, WI,28848,18706,3016
Washburn, WI,5404,3283,372
Washington, WI,51729,20854,3663
Waukesha, WI,142521,79200,11552
Waupaca, WI,16013,8303,1175
Waushara, WI,7669,3802,490
Winnebago, WI,43447,37054,5391
Wood, WI,21502,14232,1978
Barbour, WV,4509,1213,302
Berkeley, WV,28210,12287,2273
Boone, WV,6483,1783,388
Braxton, WV,3516,1315,232
Brooke, WV,6574,2549,417
Cabell, WV,19648,11306,1747
Calhoun, WV,2023,456,125
Clay, WV,2289,566,103
Doddridge, WV,2347,360,119
Fayette, WV,10263,4246,678
Gilmer, WV,1889,537,102
Grant, WV,4338,510,97
Greenbrier, WV,9499,3743,742
Hampshire, WV,6646,1576,335
Hancock, WV,8870,3247,525
Hardy, WV,4544,1249,229
Harrison, WV,18687,7675,1506
Jackson, WV,8959,2648,501
Jefferson, WV,13144,9458,1405
Kanawha, WV,43464,27985,3547
Lewis, WV,5245,1336,304
Lincoln, WV,5257,1435,296
Logan, WV,9866,2082,367
Marion, WV,14592,6926,1392
Marshall, WV,9565,2894,624
Mason, WV,7597,2069,449
McDowell, WV,4614,1429,136
Mercer, WV,17362,4689,868
Mineral, WV,8957,2019,434
Mingo, WV,7876,1365,228
Monongalia, WV,18278,14568,2887
Monroe, WV,4337,1089,244
Morgan, WV,5718,1568,349
Nicholas, WV,7169,1821,395
Ohio, WV,11077,5452,1290
Pendleton, WV,2388,726,98
Pleasants, WV,2342,620,168
Pocahontas, WV,2474,924,221
Preston, WV,9501,2462,648
Putnam, WV,17455,5784,1204
Raleigh, WV,21835,6362,1114
Randolph, WV,7583,2724,509
Ritchie, WV,3376,490,174
Roane, WV,3772,1220,242
Summers, WV,3444,1186,217
Taylor, WV,4701,1483,314
Tucker, WV,2557,750,157
Tyler, WV,2967,505,149
Upshur, WV,6971,1763,446
Wayne, WV,11077,3334,669
Webster, WV,2284,554,117
Wetzel, WV,4461,1348,382
Wirt, WV,1903,383,124
Wood, WV,25168,8327,1761
Wyoming, WV,6527,1061,221
Albany, WY,7601,6888,1931
Big Horn, WY,4067,594,418
Campbell, WY,15778,1324,833
Carbon, WY,4409,1279,512
Converse, WY,5520,668,364
Crook, WY,3347,271,153
Fremont, WY,11167,4200,1176
Goshen, WY,4418,924,366
Hot Springs, WY,1939,400,196
Johnson, WY,3477,638,234
Laramie, WY,24844,11572,3529
Lincoln, WY,6779,1105,514
Natrona, WY,23523,6573,2397
Niobrara, WY,1116,115,66
Park, WY,11115,2535,984
Platte, WY,3437,719,304
Sheridan, WY,10266,2926,995
Sublette, WY,3409,644,244
Sweetwater, WY,12153,3233,1275
Teton, WY,3920,7313,943
Uinta, WY,6154,1202,697
Washakie, WY,2911,532,272
Weston, WY,2898,294,142